age,gender,height_cm,weight_kg,mod_act_hr_per_week,vig_act_hr_per_week
37.0,Male,154.94,86.1825503,32.0,
37.0,Female,165.1,77.1107029,30.0,2.0
28.0,Male,180.34,86.1825503,20.0,30.0
26.0,Female,165.1,63.502931800000006,10.0,15.0
47.0,Male,170.18,70.30681735,18.0,10.0
44.0,Female,157.48000000000002,54.4310844,17.0,1.0
19.0,Male,170.18,56.69904625,10.0,1.0
15.0,Male,165.1,55.33826914,5.0,0.0
75.0,Female,162.56,58.05982336,48.0,
77.0,Male,170.18,76.20351816,48.0,
38.0,Male,185.42,102.05828325,10.0,2.0
42.0,Female,154.94,92.98643585,10.0,2.0
15.0,Female,170.18,54.4310844,12.0,4.0
48.0,Male,185.42,136.077711,10.0,
44.0,Female,170.18,72.57477920000001,10.0,
31.0,Male,172.72,102.05828325,13.0,45.0
38.0,Female,162.56,95.2543977,25.0,13.0
7.0,Male,124.46000000000001,20.41165665,13.0,
3.0,Male,91.44,17.23651006,13.0,
63.0,Male,185.42,113.3980925,3.0,1.0
58.0,Female,160.02,81.6466266,3.0,1.0
68.0,Female,160.02,74.84274105,9.0,4.0
26.0,Male,175.26,68.0388555,14.0,16.0
34.0,Unknown,185.42,113.3980925,6.0,0.0
65.0,Male,172.72,87.99691978,20.0,15.0
64.0,Female,162.56,68.0388555,10.0,6.0
43.0,Male,187.96,83.91458845000001,5.0,
44.0,Female,170.18,90.718474,5.0,
18.0,Female,180.34,95.2543977,5.0,
16.0,Male,182.88,81.6466266,5.0,5.0
47.0,Male,180.34,88.45051215000001,4.0,
41.0,Female,170.18,63.502931800000006,5.0,
17.0,Male,170.18,58.9670081,,
15.0,Male,167.64000000000001,54.4310844,,
40.0,Female,170.18,99.79032140000001,5.0,
8.0,Female,137.16,31.751465900000003,14.0,
42.0,Female,165.1,90.718474,4.0,
10.0,Female,139.7,25.40117272,14.0,
32.0,Female,167.64000000000001,58.05982336,35.0,
27.0,Male,167.64000000000001,74.84274105,90.0,5.0
1.0,Male,78.74000000000001,9.071847400000001,56.0,
58.0,Male,185.42,86.1825503,10.0,2.0
54.0,Female,154.94,68.0388555,3.0,0.0
60.0,Female,170.18,74.84274105,7.0,
67.0,Male,175.26,83.91458845000001,28.0,
35.0,Female,162.56,77.1107029,40.0,2.0
39.0,Male,185.42,104.32624510000001,4.0,4.0
38.0,Female,175.26,81.6466266,3.0,5.0
12.0,Male,172.72,53.523899660000005,2.0,4.0
9.0,Female,162.56,40.8233133,2.0,5.0
55.0,Male,154.94,104.32624510000001,12.0,1.0
45.0,Female,160.02,52.163122550000004,20.0,0.0
57.0,Male,175.26,79.37866475,10.0,
39.0,Male,180.34,84.36818082,2.0,
40.0,Female,160.02,63.502931800000006,4.0,
10.0,Male,144.78,43.544867520000004,4.0,
7.0,Female,121.92,25.40117272,3.0,
71.0,Male,190.5,108.8621688,20.0,0.0
67.0,Female,167.64000000000001,102.05828325,20.0,0.0
20.0,Female,154.94,81.6466266,20.0,10.0
45.0,Male,172.72,77.1107029,,
45.0,Female,162.56,72.57477920000001,,
18.0,Male,175.26,60.32778521,,
47.0,Male,154.94,92.98643585,20.0,10.0
17.0,Female,160.02,68.0388555,20.0,9.0
44.0,Female,162.56,61.68856232,35.0,9.0
19.0,Female,167.64000000000001,58.05982336,20.0,9.0
14.0,Male,160.02,46.266421740000006,40.0,12.0
57.0,Male,182.88,92.98643585,10.0,2.0
57.0,Female,170.18,49.895160700000005,12.0,3.0
81.0,Male,180.34,122.4699399,1.0,1.0
48.0,Male,175.26,113.3980925,20.0,30.0
49.0,Female,154.94,90.718474,10.0,0.0
20.0,Female,172.72,81.6466266,10.0,0.0
83.0,Female,160.02,68.0388555,40.0,
45.0,Male,175.26,86.1825503,10.0,1.0
50.0,Female,162.56,81.6466266,10.0,1.0
18.0,Female,165.1,79.37866475,10.0,5.0
18.0,Female,154.94,49.895160700000005,10.0,5.0
56.0,Male,154.94,86.1825503,20.0,1.0
56.0,Female,167.64000000000001,54.4310844,10.0,4.0
22.0,Female,172.72,56.69904625,8.0,1.0
54.0,Female,162.56,68.0388555,4.0,0.0
45.0,Female,167.64000000000001,65.77089365,5.0,45.0
51.0,Male,187.96,95.2543977,5.0,40.0
43.0,Male,167.64000000000001,68.0388555,12.0,
68.0,Male,185.42,97.52235955,5.0,5.0
55.0,Female,160.02,79.37866475,5.0,1.0
49.0,Male,180.34,86.1825503,7.0,
22.0,Male,167.64000000000001,65.77089365,3.0,
19.0,Male,154.94,68.0388555,12.0,
77.0,Male,180.34,81.6466266,40.0,
76.0,Female,160.02,70.30681735,40.0,
57.0,Female,172.72,113.3980925,15.0,0.0
55.0,Male,165.1,63.502931800000006,50.0,
50.0,Female,160.02,54.4310844,30.0,
22.0,Male,182.88,81.6466266,50.0,
53.0,Male,182.88,154.2214058,4.0,0.0
50.0,Female,160.02,82.55381134000001,2.0,0.0
58.0,Male,187.96,83.91458845000001,6.0,4.0
54.0,Female,157.48000000000002,63.502931800000006,3.0,
55.0,Male,185.42,86.1825503,4.0,
47.0,Female,157.48000000000002,52.61671492,15.0,5.0
47.0,Male,172.72,78.01788764,10.0,2.0
18.0,Male,175.26,58.05982336,5.0,5.0
13.0,Female,149.86,39.46253619,10.0,5.0
10.0,Female,144.78,33.56583538,10.0,5.0
6.0,Male,124.46000000000001,19.05087954,10.0,5.0
21.0,Female,160.02,52.163122550000004,10.0,5.0
49.0,Female,154.94,56.69904625,5.0,1.0
20.0,Male,190.5,74.84274105,7.0,3.0
59.0,Male,180.34,81.6466266,9.0,9.0
17.0,Female,165.1,56.69904625,9.0,9.0
56.0,Unknown,160.02,68.0388555,9.0,9.0
43.0,Female,172.72,72.57477920000001,8.0,3.0
46.0,Male,172.72,81.6466266,8.0,3.0
16.0,Female,172.72,68.0388555,4.0,16.0
37.0,Male,187.96,113.3980925,0.0,50.0
34.0,Female,162.56,81.19303423000001,13.0,0.0
16.0,Male,162.56,64.86370891,6.0,0.0
15.0,Male,190.5,126.09867886,1.0,0.0
2.0,Female,91.44,13.15417873,9.0,9.0
42.0,Male,165.1,108.8621688,50.0,3.0
41.0,Female,162.56,95.2543977,40.0,0.0
11.0,Female,121.92,29.02991168,70.0,5.0
10.0,Male,127.0,39.46253619,70.0,5.0
64.0,Male,180.34,99.79032140000001,20.0,9.0
62.0,Female,167.64000000000001,90.718474,16.0,9.0
62.0,Male,172.72,74.84274105,5.0,0.0
55.0,Male,172.72,70.30681735,0.0,0.0
52.0,Female,167.64000000000001,54.4310844,40.0,2.0
3.0,Female,91.44,11.33980925,25.0,0.0
44.0,Male,180.34,79.37866475,16.0,9.0
41.0,Female,160.02,85.27536556,6.0,9.0
11.0,Female,162.56,49.895160700000005,6.0,2.0
9.0,Female,149.86,45.359237,6.0,2.0
42.0,Male,187.96,163.2932532,2.0,0.0
35.0,Female,170.18,86.1825503,80.0,20.0
33.0,Male,187.96,102.05828325,78.0,18.0
9.0,Female,149.86,38.55535145,50.0,42.0
6.0,Female,124.46000000000001,22.6796185,60.0,55.0
4.0,Female,109.22,18.59728717,70.0,68.0
46.0,Male,182.88,88.45051215000001,12.0,9.0
46.0,Female,154.94,61.23496995,12.0,9.0
54.0,Male,187.96,108.8621688,18.0,2.0
52.0,Female,167.64000000000001,81.6466266,14.0,1.0
59.0,Male,154.94,71.66759446,4.0,0.0
29.0,Female,165.1,61.23496995,7.0,7.0
36.0,Female,154.94,76.65711053,3.0,1.0
15.0,Male,157.48000000000002,54.4310844,5.0,1.0
6.0,Male,124.46000000000001,22.6796185,5.0,1.0
33.0,Male,190.5,90.718474,10.0,15.0
4.0,Female,91.44,15.875732950000002,5.0,5.0
34.0,Female,160.02,74.84274105,10.0,2.0
7.0,Female,121.92,20.41165665,5.0,5.0
60.0,Male,180.34,113.3980925,2.0,0.0
36.0,Female,160.02,95.2543977,2.0,0.0
32.0,Male,193.04,133.80974915000002,2.0,0.0
71.0,Male,185.42,99.79032140000001,40.0,
49.0,Female,157.48000000000002,90.718474,9.0,9.0
16.0,Male,180.34,63.502931800000006,9.0,9.0
71.0,Male,180.34,94.80080533,30.0,0.0
73.0,Female,162.56,65.77089365,30.0,
32.0,Female,162.56,97.52235955,7.0,2.0
15.0,Male,185.42,83.91458845000001,7.0,7.0
4.0,Female,91.44,14.51495584,7.0,2.0
75.0,Male,154.94,87.08973504000001,20.0,40.0
73.0,Female,167.64000000000001,72.57477920000001,15.0,30.0
45.0,Female,167.64000000000001,99.79032140000001,10.0,0.0
16.0,Male,187.96,90.718474,15.0,0.0
16.0,Male,187.96,90.718474,15.0,0.0
12.0,Female,172.72,58.9670081,15.0,2.0
47.0,Male,172.72,90.718474,10.0,0.0
56.0,Male,180.34,104.32624510000001,0.0,0.0
20.0,Male,180.34,74.84274105,0.0,0.0
54.0,Female,165.1,58.9670081,0.0,0.0
24.0,Female,165.1,58.9670081,0.0,0.0
73.0,Male,154.94,88.45051215000001,14.0,6.0
71.0,Female,152.4,45.359237,7.0,0.0
78.0,Female,160.02,86.1825503,15.0,
54.0,Male,170.18,79.83225712000001,8.0,
50.0,Female,172.72,53.523899660000005,10.0,
24.0,Female,167.64000000000001,58.9670081,12.0,
65.0,Male,175.26,90.718474,50.0,
62.0,Female,162.56,90.718474,30.0,
90.0,Male,162.56,68.0388555,2.0,
44.0,Female,167.64000000000001,61.23496995,5.0,
16.0,Male,170.18,57.60623099,,
14.0,Male,167.64000000000001,54.4310844,,
49.0,Male,175.26,74.38914868,7.0,
71.0,Male,185.42,97.52235955,4.0,2.0
57.0,Female,170.18,63.502931800000006,4.0,2.0
55.0,Female,152.4,44.45205226,12.0,10.0
49.0,Male,154.94,90.26488163,8.0,6.0
50.0,Female,162.56,95.2543977,6.0,8.0
22.0,Male,180.34,77.1107029,20.0,6.0
45.0,Female,180.34,95.2543977,60.0,12.0
17.0,Female,175.26,81.6466266,40.0,6.0
56.0,Male,187.96,90.718474,7.0,2.0
56.0,Female,154.94,61.23496995,6.0,3.0
32.0,Male,187.96,79.37866475,4.0,1.0
31.0,Female,167.64000000000001,86.1825503,2.0,0.0
2.0,Male,96.52,14.06136347,,
49.0,Female,157.48000000000002,49.895160700000005,5.0,5.0
20.0,Male,167.64000000000001,61.23496995,,30.0
17.0,Female,165.1,57.152638620000005,8.0,
53.0,Male,175.26,86.1825503,10.0,0.0
50.0,Female,160.02,49.895160700000005,10.0,0.0
51.0,Female,162.56,121.10916279,,
22.0,Male,182.88,83.91458845000001,,
17.0,Female,165.1,62.142154690000005,,
23.0,Male,190.5,86.1825503,7.0,
55.0,Male,182.88,138.34567285,2.0,0.0
57.0,Female,167.64000000000001,63.502931800000006,3.0,1.0
44.0,Male,175.26,72.57477920000001,10.0,4.0
45.0,Female,154.94,55.791861510000004,10.0,2.0
20.0,Female,167.64000000000001,52.163122550000004,20.0,0.0
15.0,Male,175.26,65.77089365,15.0,4.0
41.0,Female,167.64000000000001,65.77089365,5.0,5.0
21.0,Female,165.1,56.69904625,1.0,8.0
14.0,Male,167.64000000000001,58.9670081,1.0,3.0
49.0,Male,182.88,92.98643585,5.0,0.0
45.0,Female,167.64000000000001,81.6466266,5.0,0.0
14.0,Male,167.64000000000001,58.9670081,7.0,2.0
12.0,Male,149.86,39.916128560000004,10.0,10.0
48.0,Female,172.72,56.69904625,20.0,5.0
48.0,Male,172.72,95.2543977,20.0,5.0
16.0,Male,185.42,72.57477920000001,5.0,1.0
12.0,Female,152.4,45.359237,5.0,1.0
57.0,Female,162.56,74.84274105,8.0,2.0
62.0,Male,187.96,106.59420695,12.0,6.0
61.0,Male,172.72,83.91458845000001,5.0,7.0
61.0,Female,157.48000000000002,65.77089365,5.0,7.0
20.0,Female,162.56,58.9670081,8.0,4.0
30.0,Male,170.18,72.57477920000001,20.0,40.0
34.0,Female,167.64000000000001,136.077711,40.0,40.0
50.0,Female,167.64000000000001,90.718474,6.0,0.0
53.0,Male,185.42,97.52235955,15.0,5.0
51.0,Female,175.26,61.23496995,15.0,2.0
47.0,Male,165.1,80.73944186,4.0,1.0
11.0,Female,165.1,47.62719885,3.0,4.0
50.0,Male,182.88,67.13167076,10.0,1.0
49.0,Female,172.72,56.69904625,10.0,2.0
18.0,Female,170.18,49.895160700000005,2.0,0.0
52.0,Female,162.56,58.9670081,20.0,7.0
23.0,Male,182.88,77.1107029,30.0,40.0
54.0,Male,185.42,90.718474,20.0,30.0
43.0,Male,172.72,87.08973504000001,3.0,0.0
42.0,Female,154.94,65.77089365,3.0,0.0
14.0,Female,154.94,51.70953018,2.0,0.0
12.0,Female,142.24,38.55535145,2.0,5.0
8.0,Male,121.92,24.947580350000003,5.0,3.0
52.0,Female,167.64000000000001,72.57477920000001,3.0,
52.0,Male,154.94,81.6466266,30.0,
25.0,Female,160.02,60.32778521,2.0,
46.0,Female,165.1,65.77089365,0.0,0.0
15.0,Female,172.72,56.69904625,10.0,2.0
10.0,Male,152.4,49.895160700000005,10.0,5.0
50.0,Male,185.42,92.98643585,5.0,3.0
46.0,Male,187.96,106.59420695,10.0,2.0
48.0,Female,170.18,81.6466266,10.0,0.0
19.0,Female,170.18,63.502931800000006,10.0,0.0
16.0,Male,187.96,81.6466266,14.0,0.0
82.0,Female,162.56,52.61671492,6.0,
67.0,Female,162.56,58.05982336,1.0,
65.0,Male,175.26,99.79032140000001,100.0,
62.0,Female,157.48000000000002,81.6466266,100.0,100.0
46.0,Male,185.42,117.9340162,40.0,10.0
44.0,Female,154.94,136.077711,21.0,0.0
24.0,Male,185.42,99.79032140000001,0.0,3.0
22.0,Female,167.64000000000001,86.1825503,4.0,5.0
20.0,Female,154.94,81.6466266,4.0,5.0
17.0,Female,175.26,90.718474,4.0,1.0
8.0,Female,142.24,29.48350405,20.0,2.0
6.0,Male,137.16,21.772433760000002,20.0,2.0
42.0,Male,182.88,89.81128926000001,2.0,2.0
14.0,Male,162.56,68.0388555,2.0,2.0
12.0,Male,154.94,54.4310844,2.0,2.0
28.0,Female,160.02,58.9670081,2.0,6.0
9.0,Female,121.92,24.947580350000003,2.0,
47.0,Male,180.34,85.27536556,5.0,0.0
47.0,Female,167.64000000000001,72.57477920000001,50.0,0.0
16.0,Male,167.64000000000001,70.30681735,5.0,0.0
53.0,Female,160.02,63.502931800000006,10.0,
39.0,Male,180.34,99.79032140000001,20.0,10.0
39.0,Female,162.56,63.502931800000006,20.0,10.0
44.0,Female,157.48000000000002,53.07030729,50.0,3.0
67.0,Male,175.26,79.37866475,25.0,0.0
48.0,Male,182.88,88.45051215000001,40.0,15.0
35.0,Male,182.88,77.1107029,10.0,0.0
31.0,Female,172.72,65.77089365,7.0,0.0
2.0,Female,63.5,13.6077711,7.0,0.0
55.0,Male,205.74,102.05828325,8.0,3.0
47.0,Female,182.88,77.1107029,8.0,3.0
20.0,Female,175.26,65.77089365,5.0,3.0
37.0,Female,187.96,113.3980925,3.0,2.0
33.0,Female,154.94,72.57477920000001,5.0,1.0
44.0,Male,193.04,90.718474,10.0,1.0
47.0,Female,154.94,76.20351816,38.0,3.0
15.0,Female,154.94,72.57477920000001,33.0,0.0
13.0,Female,167.64000000000001,58.9670081,33.0,0.0
64.0,Male,182.88,90.718474,15.0,20.0
54.0,Female,175.26,79.37866475,25.0,10.0
19.0,Female,182.88,81.6466266,20.0,35.0
52.0,Male,182.88,95.2543977,8.0,4.0
47.0,Female,165.1,83.91458845000001,35.0,
51.0,Male,180.34,96.16158244,8.0,10.0
36.0,Male,182.88,81.6466266,14.0,1.0
34.0,Female,162.56,65.77089365,15.0,0.0
2.0,Male,101.6,13.6077711,15.0,4.0
46.0,Male,187.96,102.05828325,8.0,0.0
44.0,Female,165.1,70.30681735,8.0,0.0
22.0,Female,172.72,74.84274105,15.0,0.0
19.0,Male,182.88,74.84274105,8.0,0.0
30.0,Female,167.64000000000001,58.9670081,5.0,0.0
6.0,Male,106.67999999999999,24.947580350000003,3.0,3.0
46.0,Male,172.72,81.6466266,3.0,
47.0,Female,165.1,56.69904625,5.0,
12.0,Male,152.4,43.09127515,10.0,
9.0,Male,142.24,31.751465900000003,10.0,
6.0,Male,121.92,24.947580350000003,7.0,
50.0,Female,167.64000000000001,65.77089365,100.0,200.0
50.0,Female,167.64000000000001,86.1825503,100.0,150.0
19.0,Male,144.78,37.19457434,100.0,275.0
9.0,Male,144.78,38.10175908,100.0,275.0
55.0,Male,182.88,113.3980925,2.0,0.0
51.0,Female,172.72,81.6466266,7.0,2.0
18.0,Female,170.18,54.4310844,5.0,2.0
16.0,Male,175.26,72.57477920000001,5.0,5.0
67.0,Male,180.34,90.718474,5.0,5.0
66.0,Female,167.64000000000001,68.0388555,5.0,
51.0,Female,170.18,90.718474,3.0,4.0
67.0,Male,175.26,113.3980925,10.0,
64.0,Female,167.64000000000001,63.502931800000006,10.0,
48.0,Male,175.26,90.718474,10.0,5.0
61.0,Male,167.64000000000001,127.00586360000001,20.0,0.0
52.0,Male,175.26,72.57477920000001,8.0,4.0
53.0,Female,172.72,63.502931800000006,12.0,3.0
14.0,Male,167.64000000000001,58.9670081,3.0,2.0
63.0,Female,167.64000000000001,90.718474,30.0,2.0
40.0,Male,187.96,86.1825503,40.0,2.0
5.0,Male,101.6,18.143694800000002,20.0,1.0
31.0,Female,165.1,54.4310844,30.0,1.0
8.0,Female,134.62,31.751465900000003,20.0,1.0
4.0,Male,101.6,18.59728717,20.0,1.0
45.0,Male,180.34,79.37866475,10.0,
23.0,Male,180.34,65.77089365,8.0,
65.0,Male,154.94,86.1825503,21.0,3.0
62.0,Female,162.56,63.502931800000006,10.0,1.0
50.0,Female,167.64000000000001,63.502931800000006,3.0,4.0
48.0,Female,154.94,102.05828325,2.0,0.0
63.0,Female,162.56,97.52235955,10.0,
83.0,Male,154.94,99.79032140000001,35.0,10.0
85.0,Female,127.0,72.57477920000001,40.0,3.0
30.0,Male,182.88,86.1825503,10.0,5.0
30.0,Female,157.48000000000002,49.895160700000005,8.0,2.0
58.0,Male,154.94,81.6466266,4.0,
62.0,Male,182.88,83.91458845000001,15.0,
33.0,Male,187.96,86.1825503,15.0,15.0
58.0,Male,175.26,90.718474,25.0,5.0
56.0,Female,160.02,81.6466266,20.0,0.0
35.0,Male,182.88,99.79032140000001,20.0,10.0
89.0,Male,154.94,81.6466266,56.0,21.0
32.0,Male,154.94,77.1107029,2.0,2.0
32.0,Female,165.1,58.9670081,3.0,0.0
2.0,Female,88.9,11.33980925,9.0,9.0
43.0,Male,175.26,74.84274105,90.0,
41.0,Female,160.02,49.895160700000005,,
12.0,Female,160.02,45.359237,,
10.0,Male,124.46000000000001,34.01942775,,
50.0,Male,165.1,61.23496995,5.0,1.0
49.0,Female,157.48000000000002,70.30681735,3.0,
21.0,Male,172.72,79.37866475,5.0,3.0
31.0,Male,180.34,86.1825503,4.0,2.0
30.0,Female,157.48000000000002,61.23496995,4.0,2.0
5.0,Female,127.0,18.59728717,7.0,4.0
3.0,Male,109.22,13.6077711,7.0,4.0
53.0,Male,180.34,77.1107029,10.0,
43.0,Male,172.72,73.93555631000001,3.0,2.0
42.0,Female,170.18,62.59574706,4.0,
17.0,Female,167.64000000000001,54.4310844,3.0,
43.0,Male,187.96,90.718474,12.0,2.0
42.0,Female,182.88,81.6466266,12.0,
14.0,Male,190.5,81.6466266,14.0,4.0
10.0,Female,152.4,45.359237,10.0,
65.0,Female,165.1,68.0388555,12.0,1.0
67.0,Male,180.34,83.91458845000001,10.0,5.0
49.0,Male,172.72,72.57477920000001,20.0,
49.0,Female,157.48000000000002,68.0388555,15.0,
78.0,Male,170.18,79.37866475,4.0,3.0
74.0,Unknown,160.02,61.23496995,4.0,3.0
62.0,Male,182.88,113.3980925,40.0,10.0
58.0,Female,162.56,54.4310844,60.0,20.0
28.0,Female,180.34,72.57477920000001,4.0,5.0
67.0,Female,160.02,113.3980925,0.0,0.0
33.0,Female,172.72,84.82177319,4.0,0.0
31.0,Male,182.88,92.98643585,40.0,20.0
32.0,Female,167.64000000000001,56.24545388,56.0,
2.0,Female,96.52,14.968548210000002,56.0,
51.0,Male,180.34,99.79032140000001,2.0,0.0
49.0,Female,154.94,47.62719885,20.0,1.0
15.0,Female,160.02,56.69904625,10.0,1.0
50.0,Male,172.72,81.6466266,18.0,2.0
61.0,Male,193.04,97.52235955,40.0,0.0
54.0,Female,154.94,77.1107029,20.0,10.0
64.0,Male,193.04,115.66605435000001,40.0,4.0
35.0,Male,180.34,99.79032140000001,3.0,
30.0,Female,170.18,77.1107029,5.0,
26.0,Male,193.04,88.45051215000001,5.0,
25.0,Female,167.64000000000001,61.23496995,5.0,
71.0,Male,180.34,83.91458845000001,4.0,
58.0,Female,154.94,81.6466266,4.0,
50.0,Male,185.42,81.6466266,40.0,20.0
14.0,Female,160.02,52.163122550000004,10.0,1.0
43.0,Female,170.18,65.77089365,40.0,5.0
21.0,Female,157.48000000000002,47.62719885,20.0,2.0
64.0,Male,167.64000000000001,99.79032140000001,2.0,0.0
61.0,Female,162.56,86.1825503,2.0,0.0
42.0,Male,167.64000000000001,53.97749203,10.0,12.0
40.0,Female,152.4,49.895160700000005,10.0,2.0
12.0,Female,132.08,40.8233133,10.0,8.0
3.0,Male,91.44,19.50447191,14.0,
9.0,Female,121.92,23.586803240000002,6.0,3.0
36.0,Male,172.72,104.32624510000001,50.0,0.0
47.0,Female,167.64000000000001,72.57477920000001,20.0,0.0
20.0,Female,165.1,58.9670081,5.0,0.0
11.0,Male,137.16,54.4310844,50.0,5.0
39.0,Female,172.72,72.57477920000001,5.0,
41.0,Male,180.34,86.1825503,10.0,
15.0,Female,170.18,49.895160700000005,5.0,1.0
5.0,Male,111.75999999999999,20.41165665,8.0,2.0
3.0,Female,91.44,13.6077711,8.0,2.0
7.0,Female,124.46000000000001,22.6796185,8.0,2.0
47.0,Male,182.88,74.84274105,35.0,4.0
58.0,Female,162.56,122.4699399,0.0,0.0
26.0,Female,167.64000000000001,106.59420695,40.0,4.0
8.0,Female,137.16,53.523899660000005,20.0,3.0
29.0,Male,172.72,72.57477920000001,5.0,7.0
27.0,Female,170.18,79.37866475,5.0,6.0
73.0,Male,172.72,81.6466266,5.0,
72.0,Female,165.1,68.0388555,5.0,5.0
32.0,Male,187.96,99.79032140000001,10.0,0.0
1.0,Male,60.96,9.071847400000001,0.0,0.0
31.0,Female,165.1,104.32624510000001,20.0,0.0
3.0,Female,104.14,17.23651006,40.0,0.0
59.0,Male,180.34,89.81128926000001,12.0,
50.0,Female,165.1,99.79032140000001,5.0,
51.0,Male,182.88,122.4699399,60.0,8.0
53.0,Male,175.26,90.718474,14.0,0.0
37.0,Male,187.96,79.37866475,49.0,28.0
38.0,Female,154.94,81.6466266,42.0,35.0
16.0,Female,172.72,68.0388555,49.0,14.0
14.0,Female,172.72,63.502931800000006,49.0,14.0
12.0,Male,167.64000000000001,68.0388555,49.0,14.0
64.0,Male,170.18,77.1107029,,7.0
61.0,Female,165.1,63.502931800000006,15.0,
20.0,Male,154.94,58.9670081,10.0,
24.0,Male,172.72,81.6466266,8.0,
75.0,Female,152.4,58.9670081,,
50.0,Male,172.72,72.57477920000001,,
63.0,Female,175.26,68.49244787,,5.0
42.0,Male,182.88,72.57477920000001,6.0,
51.0,Male,193.04,104.32624510000001,5.0,
40.0,Female,170.18,79.37866475,5.0,
18.0,Male,180.34,81.6466266,3.0,
43.0,Male,190.5,106.59420695,4.0,3.0
26.0,Male,172.72,99.79032140000001,2.0,
25.0,Female,165.1,90.718474,1.0,2.0
83.0,Male,165.1,81.6466266,,
83.0,Female,160.02,58.9670081,,
36.0,Female,157.48000000000002,65.77089365,2.0,0.0
36.0,Male,175.26,77.1107029,1.0,0.0
16.0,Female,162.56,49.895160700000005,4.0,5.0
16.0,Female,160.02,52.163122550000004,1.0,0.0
63.0,Male,167.64000000000001,74.84274105,5.0,1.0
50.0,Male,193.04,108.8621688,20.0,10.0
34.0,Female,162.56,63.502931800000006,40.0,20.0
24.0,Male,193.04,120.20197805000001,40.0,20.0
22.0,Female,167.64000000000001,65.77089365,20.0,20.0
60.0,Male,154.94,79.37866475,5.0,3.0
39.0,Female,172.72,84.82177319,5.0,
53.0,Male,172.72,74.84274105,8.0,4.0
47.0,Female,170.18,104.32624510000001,0.0,0.0
49.0,Male,180.34,68.0388555,40.0,5.0
17.0,Female,180.34,95.2543977,20.0,5.0
50.0,Female,167.64000000000001,106.59420695,40.0,1.0
18.0,Male,180.34,63.502931800000006,40.0,1.0
76.0,Male,165.1,86.1825503,8.0,6.0
71.0,Female,165.1,68.0388555,8.0,
53.0,Male,187.96,158.7573295,7.0,7.0
48.0,Female,167.64000000000001,88.45051215000001,7.0,3.0
23.0,Male,182.88,99.79032140000001,7.0,7.0
21.0,Female,167.64000000000001,99.79032140000001,0.0,0.0
42.0,Male,193.04,104.32624510000001,20.0,3.0
11.0,Male,149.86,41.73049804,12.0,10.0
42.0,Female,170.18,81.6466266,14.0,1.0
73.0,Male,190.5,102.05828325,3.0,0.0
67.0,Female,170.18,72.57477920000001,3.0,5.0
48.0,Male,195.57999999999998,92.98643585,18.0,8.0
46.0,Female,167.64000000000001,61.23496995,18.0,2.0
10.0,Male,121.92,43.09127515,10.0,8.0
46.0,Male,182.88,145.14955840000002,7.0,1.0
31.0,Male,185.42,77.1107029,50.0,15.0
30.0,Female,165.1,56.69904625,20.0,5.0
67.0,Male,154.94,72.57477920000001,20.0,3.0
66.0,Female,165.1,63.502931800000006,15.0,1.0
84.0,Male,180.34,88.45051215000001,20.0,
75.0,Female,160.02,58.9670081,25.0,
62.0,Male,182.88,111.13013065000001,3.0,2.0
62.0,Female,165.1,61.23496995,3.0,2.0
70.0,Male,190.5,158.7573295,20.0,
71.0,Female,152.4,77.1107029,20.0,
43.0,Male,154.94,86.1825503,20.0,40.0
31.0,Male,182.88,129.27382545,40.0,
31.0,Female,162.56,77.1107029,40.0,
2.0,Male,91.44,12.24699399,40.0,
55.0,Female,165.1,77.1107029,30.0,
29.0,Male,185.42,90.718474,20.0,
50.0,Male,182.88,92.98643585,,
50.0,Female,162.56,72.57477920000001,,
56.0,Male,182.88,102.05828325,4.0,6.0
57.0,Female,160.02,61.23496995,4.0,
76.0,Male,182.88,79.37866475,30.0,20.0
52.0,Male,175.26,113.3980925,7.0,0.0
79.0,Male,182.88,81.6466266,55.0,12.0
57.0,Male,182.88,79.37866475,7.0,0.0
46.0,Female,165.1,72.57477920000001,7.0,7.0
15.0,Male,154.94,95.2543977,11.0,8.0
12.0,Female,165.1,49.895160700000005,3.0,
11.0,Female,152.4,49.895160700000005,,
59.0,Male,154.94,77.1107029,10.0,
58.0,Female,157.48000000000002,54.4310844,8.0,
19.0,Male,182.88,61.23496995,12.0,
48.0,Male,170.18,65.77089365,6.0,3.0
48.0,Female,162.56,81.6466266,10.0,3.0
12.0,Female,154.94,43.544867520000004,6.0,7.0
7.0,Female,124.46000000000001,22.6796185,6.0,7.0
63.0,Male,167.64000000000001,72.57477920000001,3.0,3.0
53.0,Female,157.48000000000002,54.4310844,4.0,1.0
22.0,Female,152.4,45.359237,2.0,
54.0,Female,165.1,74.84274105,8.0,5.0
14.0,Female,167.64000000000001,54.4310844,6.0,0.0
65.0,Male,182.88,72.57477920000001,10.0,
63.0,Female,170.18,65.77089365,10.0,
63.0,Male,182.88,86.1825503,12.0,
50.0,Female,157.48000000000002,68.0388555,15.0,
47.0,Male,154.94,95.2543977,20.0,8.0
43.0,Female,160.02,52.163122550000004,20.0,5.0
9.0,Female,127.0,34.01942775,,
4.0,Female,91.44,15.875732950000002,,
26.0,Female,167.64000000000001,54.4310844,20.0,8.0
35.0,Male,190.5,113.3980925,8.0,4.0
43.0,Female,162.56,63.502931800000006,7.0,3.0
3.0,Male,96.52,14.06136347,,
2.0,Female,63.5,11.793401620000001,,
49.0,Female,175.26,127.00586360000001,12.0,1.0
61.0,Male,154.94,80.73944186,5.0,
38.0,Male,154.94,91.17206637000001,5.0,10.0
76.0,Female,160.02,75.74992579,21.0,
81.0,Male,172.72,81.6466266,21.0,
49.0,Male,180.34,80.73944186,10.0,15.0
47.0,Female,167.64000000000001,63.502931800000006,10.0,10.0
20.0,Female,152.4,45.359237,5.0,10.0
72.0,Female,172.72,97.52235955,15.0,2.0
52.0,Female,165.1,77.1107029,15.0,
18.0,Female,162.56,58.9670081,15.0,
16.0,Male,182.88,63.502931800000006,15.0,
55.0,Male,154.94,104.32624510000001,10.0,
53.0,Female,162.56,58.9670081,10.0,2.0
52.0,Male,182.88,87.99691978,15.0,3.0
50.0,Male,193.04,86.1825503,7.0,3.0
48.0,Male,175.26,71.66759446,50.0,15.0
49.0,Female,160.02,65.77089365,4.0,
21.0,Male,182.88,86.1825503,15.0,40.0
18.0,Male,180.34,68.0388555,5.0,
51.0,Male,154.94,77.1107029,40.0,6.0
43.0,Male,172.72,72.57477920000001,10.0,8.0
48.0,Female,157.48000000000002,58.9670081,10.0,2.0
57.0,Male,154.94,77.1107029,2.0,5.0
31.0,Male,182.88,86.1825503,20.0,0.0
31.0,Female,182.88,72.57477920000001,20.0,0.0
54.0,Male,180.34,83.91458845000001,24.0,
46.0,Female,175.26,67.13167076,23.0,
15.0,Female,175.26,65.77089365,10.0,5.0
12.0,Female,167.64000000000001,61.23496995,10.0,2.0
14.0,Male,175.26,69.39963261,10.0,
49.0,Female,157.48000000000002,47.62719885,30.0,
49.0,Male,182.88,83.91458845000001,30.0,
25.0,Female,152.4,88.45051215000001,20.0,
22.0,Male,152.4,79.37866475,20.0,20.0
19.0,Male,187.96,81.6466266,20.0,20.0
66.0,Male,195.57999999999998,131.5417873,10.0,0.0
69.0,Female,160.02,63.502931800000006,8.0,0.0
67.0,Male,172.72,80.73944186,25.0,
66.0,Female,162.56,62.142154690000005,20.0,
54.0,Female,154.94,66.22448602,17.0,
49.0,Female,157.48000000000002,72.57477920000001,17.0,
45.0,Female,165.1,77.1107029,8.0,5.0
43.0,Male,190.5,83.91458845000001,12.0,1.0
42.0,Female,172.72,63.502931800000006,20.0,1.0
50.0,Male,180.34,90.718474,20.0,6.0
15.0,Female,160.02,40.8233133,12.0,1.0
50.0,Female,157.48000000000002,45.359237,12.0,0.0
19.0,Female,162.56,49.895160700000005,12.0,2.0
11.0,Male,154.94,34.01942775,15.0,6.0
53.0,Female,160.02,58.9670081,9.0,2.0
18.0,Female,170.18,58.05982336,10.0,2.0
17.0,Female,165.1,54.4310844,15.0,0.0
13.0,Male,154.94,43.09127515,6.0,0.0
16.0,Female,154.94,57.152638620000005,10.0,1.0
83.0,Female,167.64000000000001,74.84274105,3.0,0.0
38.0,Female,167.64000000000001,81.6466266,10.0,2.0
36.0,Male,187.96,86.1825503,5.0,0.0
60.0,Male,187.96,108.8621688,70.0,0.0
56.0,Female,160.02,54.4310844,30.0,0.0
34.0,Male,172.72,92.98643585,3.0,3.0
34.0,Female,165.1,56.69904625,3.0,2.0
52.0,Female,165.1,61.23496995,7.0,4.0
59.0,Male,182.88,102.05828325,30.0,10.0
60.0,Female,170.18,72.57477920000001,25.0,5.0
50.0,Female,154.94,63.502931800000006,50.0,1.0
25.0,Female,172.72,74.84274105,8.0,0.0
47.0,Male,154.94,83.91458845000001,50.0,1.0
77.0,Male,167.64000000000001,73.48196394,15.0,5.0
31.0,Female,165.1,68.0388555,3.0,
10.0,Female,139.7,47.62719885,,
42.0,Male,175.26,90.718474,8.0,
65.0,Male,154.94,86.1825503,8.0,4.0
67.0,Female,157.48000000000002,81.6466266,7.0,2.0
61.0,Male,172.72,83.00740371,5.0,3.0
52.0,Male,172.72,81.6466266,6.0,1.0
17.0,Male,167.64000000000001,58.9670081,7.0,2.0
54.0,Female,152.4,57.152638620000005,8.0,8.0
50.0,Female,172.72,70.30681735,5.0,0.0
18.0,Female,167.64000000000001,61.23496995,6.0,2.0
60.0,Female,170.18,72.57477920000001,15.0,0.0
63.0,Male,175.26,88.45051215000001,10.0,10.0
88.0,Male,180.34,83.91458845000001,25.0,9.0
87.0,Female,167.64000000000001,74.84274105,15.0,9.0
69.0,Female,160.02,68.0388555,12.0,
22.0,Female,165.1,49.895160700000005,,5.0
62.0,Female,152.4,58.9670081,0.0,0.0
36.0,Male,182.88,111.58372302000001,0.0,0.0
61.0,Male,187.96,121.56275516000001,3.0,0.0
44.0,Male,185.42,102.05828325,20.0,
9.0,Female,137.16,31.751465900000003,40.0,24.0
44.0,Female,170.18,63.502931800000006,20.0,
9.0,Male,124.46000000000001,34.926612490000004,40.0,40.0
9.0,Female,142.24,36.287389600000004,40.0,24.0
43.0,Female,165.1,68.0388555,,4.0
48.0,Male,185.42,81.6466266,,2.0
46.0,Male,185.42,156.48936765000002,,7.0
21.0,Male,154.94,58.9670081,,5.0
38.0,Male,162.56,77.1107029,3.0,
20.0,Male,167.64000000000001,68.0388555,3.0,
32.0,Male,167.64000000000001,74.84274105,,5.0
49.0,Female,175.26,68.0388555,2.0,5.0
86.0,Female,167.64000000000001,77.1107029,5.0,
35.0,Male,185.42,83.91458845000001,10.0,9.0
30.0,Female,170.18,72.57477920000001,7.0,7.0
44.0,Male,167.64000000000001,79.37866475,,
42.0,Female,157.48000000000002,70.30681735,,3.0
29.0,Male,154.94,79.37866475,6.0,0.0
29.0,Female,172.72,90.718474,4.0,0.0
22.0,Female,167.64000000000001,88.45051215000001,7.0,
53.0,Female,167.64000000000001,88.45051215000001,14.0,
26.0,Female,175.26,65.77089365,20.0,
29.0,Male,182.88,81.6466266,15.0,5.0
28.0,Male,182.88,70.30681735,34.0,5.0
27.0,Female,165.1,79.37866475,24.0,
1.0,Male,63.5,10.886216880000001,,
0.0,Male,60.96,5.4431084400000005,,
37.0,Male,185.42,83.91458845000001,4.0,5.0
35.0,Female,172.72,65.77089365,2.0,1.0
47.0,Male,180.34,106.59420695,48.0,20.0
48.0,Female,172.72,54.4310844,30.0,30.0
19.0,Male,187.96,79.37866475,10.0,10.0
17.0,Female,172.72,58.9670081,20.0,10.0
14.0,Male,185.42,65.77089365,10.0,10.0
10.0,Male,152.4,43.09127515,20.0,20.0
7.0,Female,127.0,31.751465900000003,20.0,20.0
40.0,Female,165.1,72.57477920000001,10.0,
35.0,Male,154.94,99.79032140000001,6.0,
11.0,Male,152.4,45.359237,,15.0
2.0,Female,91.44,14.51495584,,10.0
10.0,Male,144.78,39.46253619,,15.0
26.0,Male,185.42,72.57477920000001,8.0,2.0
27.0,Female,175.26,63.502931800000006,8.0,0.0
2.0,Male,83.82,14.968548210000002,6.0,0.0
47.0,Male,172.72,72.57477920000001,5.0,5.0
35.0,Male,154.94,86.1825503,18.0,4.0
56.0,Male,180.34,86.1825503,5.0,5.0
22.0,Female,170.18,77.1107029,15.0,
49.0,Female,167.64000000000001,71.66759446,10.0,2.0
51.0,Male,185.42,83.91458845000001,10.0,2.0
22.0,Male,170.18,70.30681735,20.0,20.0
4.0,Male,93.98,12.70058636,20.0,5.0
30.0,Female,152.4,54.4310844,5.0,3.0
40.0,Male,172.72,68.0388555,6.0,3.0
60.0,Male,180.34,106.59420695,98.0,30.0
45.0,Male,182.88,136.077711,7.0,10.0
44.0,Female,167.64000000000001,104.32624510000001,2.0,0.0
19.0,Female,165.1,79.37866475,10.0,4.0
15.0,Female,162.56,72.57477920000001,5.0,0.0
45.0,Male,165.1,72.57477920000001,50.0,5.0
45.0,Female,152.4,70.76040972,15.0,5.0
13.0,Male,154.94,63.502931800000006,15.0,3.0
6.0,Male,121.92,20.41165665,15.0,2.0
8.0,Female,121.92,20.41165665,15.0,2.0
29.0,Female,172.72,74.84274105,4.0,1.0
28.0,Male,193.04,117.9340162,4.0,1.0
43.0,Female,154.94,68.0388555,8.0,1.0
41.0,Male,165.1,81.6466266,2.0,1.0
17.0,Male,154.94,86.1825503,10.0,4.0
9.0,Male,111.75999999999999,24.947580350000003,4.0,1.0
6.0,Male,104.14,18.143694800000002,10.0,1.0
45.0,Female,167.64000000000001,56.69904625,4.0,0.0
50.0,Male,182.88,86.1825503,4.0,0.0
55.0,Female,157.48000000000002,61.23496995,2.0,1.0
50.0,Male,187.96,113.3980925,6.0,1.0
48.0,Female,162.56,81.6466266,5.0,3.0
31.0,Male,185.42,86.1825503,5.0,2.0
37.0,Female,170.18,77.1107029,5.0,2.0
54.0,Male,182.88,83.91458845000001,5.0,0.0
54.0,Male,172.72,74.84274105,5.0,0.0
4.0,Male,101.6,17.23651006,7.0,
63.0,Female,170.18,72.57477920000001,4.0,
64.0,Female,175.26,95.2543977,10.0,0.0
78.0,Male,167.64000000000001,69.85322498000001,8.0,
70.0,Female,160.02,63.502931800000006,8.0,
59.0,Female,154.94,86.1825503,40.0,14.0
55.0,Male,154.94,142.88159655,3.0,
53.0,Female,157.48000000000002,54.4310844,5.0,
16.0,Male,160.02,65.77089365,5.0,3.0
27.0,Female,160.02,46.266421740000006,2.0,8.0
59.0,Female,157.48000000000002,90.718474,4.0,2.0
40.0,Male,198.12,99.79032140000001,4.0,0.0
38.0,Female,167.64000000000001,67.13167076,4.0,0.0
3.0,Male,99.06,15.875732950000002,3.0,1.0
1.0,Male,73.66,11.33980925,2.0,1.0
61.0,Female,172.72,79.37866475,3.0,2.0
60.0,Female,172.72,136.077711,15.0,0.0
43.0,Female,185.42,77.1107029,3.0,
39.0,Male,182.88,113.3980925,4.0,
35.0,Female,162.56,79.37866475,4.0,3.0
3.0,Male,93.98,16.329325320000002,,
66.0,Male,154.94,72.57477920000001,4.0,
46.0,Male,160.02,52.163122550000004,24.0,
33.0,Female,165.1,63.502931800000006,5.0,1.0
33.0,Male,200.66,95.2543977,5.0,2.0
84.0,Male,154.94,72.57477920000001,21.0,
52.0,Male,180.34,88.45051215000001,5.0,
49.0,Female,167.64000000000001,68.0388555,10.0,
63.0,Male,172.72,86.1825503,40.0,
53.0,Female,152.4,36.287389600000004,10.0,
20.0,Male,157.48000000000002,49.895160700000005,20.0,
47.0,Female,170.18,90.718474,,
59.0,Male,157.48000000000002,49.895160700000005,10.0,
51.0,Female,152.4,54.4310844,10.0,
13.0,Male,157.48000000000002,31.751465900000003,8.0,
57.0,Female,154.94,65.77089365,,
40.0,Female,157.48000000000002,49.895160700000005,14.0,10.0
50.0,Male,182.88,90.718474,14.0,2.0
58.0,Male,165.1,77.1107029,14.0,2.0
42.0,Male,182.88,86.1825503,4.0,1.0
41.0,Male,182.88,81.6466266,4.0,3.0
42.0,Female,167.64000000000001,58.9670081,7.0,6.0
6.0,Male,121.92,22.6796185,20.0,0.0
51.0,Male,175.26,78.92507238,3.0,0.0
37.0,Male,162.56,77.1107029,8.0,2.0
27.0,Female,152.4,77.1107029,0.0,2.0
61.0,Female,170.18,56.69904625,7.0,5.0
46.0,Male,167.64000000000001,54.4310844,40.0,
46.0,Female,157.48000000000002,47.62719885,40.0,
48.0,Male,167.64000000000001,61.23496995,30.0,
49.0,Female,162.56,54.4310844,30.0,
20.0,Female,160.02,54.4310844,30.0,
17.0,Female,149.86,49.895160700000005,30.0,
75.0,Male,172.72,74.84274105,9.0,0.0
72.0,Female,157.48000000000002,86.1825503,7.0,0.0
53.0,Female,170.18,61.23496995,11.0,6.0
53.0,Male,193.04,91.62565874,11.0,6.0
86.0,Female,154.94,58.9670081,3.0,
42.0,Male,190.5,108.8621688,5.0,4.0
39.0,Female,170.18,63.502931800000006,5.0,2.0
4.0,Female,134.62,17.23651006,7.0,7.0
3.0,Male,129.54,15.875732950000002,7.0,7.0
27.0,Female,193.04,56.69904625,3.0,
55.0,Male,190.5,95.2543977,6.0,
55.0,Female,154.94,74.84274105,5.0,
40.0,Male,154.94,90.718474,4.0,4.0
58.0,Male,185.42,97.52235955,50.0,10.0
60.0,Female,160.02,81.6466266,30.0,5.0
40.0,Male,187.96,104.32624510000001,10.0,
85.0,Male,154.94,99.79032140000001,40.0,
56.0,Female,167.64000000000001,78.01788764,4.0,
73.0,Female,160.02,73.02837157,28.0,0.0
9.0,Female,124.46000000000001,28.12272694,20.0,2.0
47.0,Male,175.26,72.57477920000001,50.0,4.0
44.0,Male,154.94,77.1107029,20.0,40.0
50.0,Female,167.64000000000001,68.0388555,20.0,
50.0,Male,182.88,96.16158244,5.0,2.0
48.0,Female,162.56,65.77089365,6.0,2.0
11.0,Female,121.92,36.287389600000004,7.0,3.0
49.0,Male,172.72,68.0388555,5.0,10.0
49.0,Female,160.02,52.163122550000004,10.0,5.0
14.0,Male,167.64000000000001,58.9670081,2.0,3.0
38.0,Male,187.96,88.45051215000001,24.0,
34.0,Female,152.4,47.62719885,25.0,6.0
4.0,Male,91.44,14.968548210000002,36.0,14.0
1.0,Female,45.72,9.979032140000001,28.0,
43.0,Female,180.34,86.1825503,10.0,6.0
52.0,Male,182.88,90.718474,8.0,2.0
43.0,Male,154.94,86.1825503,6.0,1.0
39.0,Female,175.26,57.152638620000005,13.0,1.0
4.0,Male,106.67999999999999,18.143694800000002,15.0,
46.0,Female,172.72,100.69750614,5.0,
51.0,Male,182.88,108.8621688,8.0,4.0
72.0,Female,154.94,63.502931800000006,15.0,
63.0,Female,167.64000000000001,90.718474,6.0,1.0
69.0,Male,175.26,77.1107029,20.0,1.0
84.0,Female,152.4,63.502931800000006,4.0,
51.0,Male,154.94,81.6466266,40.0,10.0
49.0,Female,170.18,72.57477920000001,15.0,1.0
21.0,Female,187.96,108.8621688,20.0,1.0
19.0,Female,167.64000000000001,54.4310844,35.0,15.0
2.0,Female,81.28,18.143694800000002,40.0,10.0
45.0,Female,165.1,58.9670081,7.0,2.0
15.0,Male,132.08,52.163122550000004,15.0,6.0
13.0,Male,157.48000000000002,49.895160700000005,5.0,
54.0,Female,157.48000000000002,61.23496995,11.0,10.0
60.0,Male,182.88,79.37866475,8.0,6.0
63.0,Male,182.88,75.29633342000001,4.0,
56.0,Female,172.72,63.502931800000006,6.0,
53.0,Male,180.34,81.6466266,3.0,2.0
54.0,Female,175.26,70.30681735,1.0,0.0
52.0,Female,172.72,81.6466266,10.0,2.0
53.0,Male,154.94,92.98643585,8.0,2.0
50.0,Male,198.12,81.6466266,5.0,0.0
15.0,Male,182.88,63.502931800000006,2.0,0.0
55.0,Female,167.64000000000001,81.6466266,4.0,0.0
46.0,Male,154.94,113.3980925,0.0,
48.0,Female,165.1,83.91458845000001,14.0,
18.0,Female,165.1,61.23496995,18.0,1.0
16.0,Female,162.56,56.69904625,12.0,1.0
44.0,Female,160.02,61.23496995,4.0,1.0
57.0,Male,193.04,83.46099608,2.0,3.0
49.0,Female,157.48000000000002,55.33826914,2.0,0.0
15.0,Female,162.56,48.98797596,2.0,0.0
17.0,Female,157.48000000000002,52.61671492,1.0,0.0
40.0,Female,165.1,77.1107029,5.0,2.0
48.0,Male,154.94,95.2543977,3.0,1.0
5.0,Male,104.14,19.05087954,6.0,1.0
58.0,Male,187.96,99.79032140000001,5.0,3.0
58.0,Female,172.72,68.0388555,8.0,0.0
40.0,Female,172.72,65.77089365,7.0,4.0
41.0,Male,190.5,99.79032140000001,5.0,4.0
10.0,Female,142.24,27.2155422,15.0,2.0
8.0,Female,142.24,27.2155422,15.0,0.0
7.0,Female,129.54,22.6796185,15.0,2.0
5.0,Male,129.54,22.6796185,15.0,0.0
60.0,Female,162.56,61.23496995,7.0,0.0
30.0,Male,182.88,86.1825503,5.0,2.0
78.0,Female,157.48000000000002,62.59574706,35.0,1.0
35.0,Male,185.42,81.6466266,7.0,0.0
36.0,Female,154.94,77.1107029,10.0,0.0
9.0,Female,139.7,32.658650640000005,14.0,0.0
7.0,Male,124.46000000000001,24.49398798,14.0,0.0
49.0,Male,154.94,90.718474,20.0,1.0
48.0,Female,175.26,54.4310844,15.0,10.0
9.0,Female,142.24,24.947580350000003,30.0,10.0
3.0,Male,96.52,15.875732950000002,30.0,10.0
57.0,Female,170.18,87.08973504000001,2.0,3.0
56.0,Male,172.72,102.05828325,1.0,
40.0,Female,170.18,72.57477920000001,20.0,3.0
39.0,Male,182.88,95.2543977,10.0,3.0
46.0,Female,162.56,61.23496995,8.0,
17.0,Female,165.1,72.57477920000001,4.0,
15.0,Female,165.1,74.84274105,1.0,
24.0,Female,180.34,52.163122550000004,8.0,5.0
42.0,Female,175.26,117.9340162,2.0,
12.0,Male,162.56,54.4310844,4.0,
6.0,Female,121.92,20.41165665,6.0,
50.0,Male,180.34,79.37866475,10.0,
62.0,Female,160.02,62.59574706,24.0,2.0
52.0,Male,154.94,83.91458845000001,15.0,0.0
18.0,Male,154.94,72.57477920000001,15.0,20.0
16.0,Male,180.34,68.0388555,15.0,20.0
69.0,Male,172.72,131.5417873,12.0,4.0
67.0,Female,162.56,58.9670081,20.0,10.0
54.0,Female,165.1,63.502931800000006,6.0,0.0
65.0,Male,182.88,88.45051215000001,0.0,0.0
80.0,Female,152.4,38.55535145,7.0,0.0
65.0,Female,162.56,61.23496995,8.0,0.0
45.0,Male,172.72,78.01788764,1.0,
63.0,Male,152.4,73.48196394,5.0,3.0
57.0,Female,172.72,76.20351816,3.0,
51.0,Female,170.18,72.57477920000001,10.0,1.0
58.0,Male,187.96,90.718474,10.0,3.0
69.0,Male,154.94,83.91458845000001,15.0,0.0
65.0,Female,170.18,65.77089365,10.0,
67.0,Female,160.02,77.1107029,8.0,
65.0,Female,172.72,86.1825503,6.0,
32.0,Female,167.64000000000001,56.69904625,20.0,
33.0,Male,180.34,83.91458845000001,5.0,
3.0,Female,91.44,14.06136347,,
0.0,Male,60.96,6.35029318,,
59.0,Male,182.88,86.1825503,4.0,1.0
57.0,Female,167.64000000000001,70.30681735,4.0,0.0
60.0,Male,185.42,86.1825503,5.0,
63.0,Female,162.56,57.152638620000005,5.0,2.0
64.0,Male,175.26,68.0388555,0.0,4.0
42.0,Male,185.42,88.45051215000001,4.0,1.0
37.0,Female,167.64000000000001,72.57477920000001,5.0,5.0
6.0,Male,142.24,27.2155422,,
4.0,Male,127.0,22.6796185,,
2.0,Female,76.2,11.33980925,,
52.0,Female,162.56,68.0388555,,8.0
53.0,Male,170.18,90.718474,,8.0
21.0,Male,167.64000000000001,68.0388555,2.0,3.0
15.0,Female,162.56,58.9670081,,8.0
11.0,Male,127.0,27.2155422,10.0,0.0
49.0,Male,185.42,79.37866475,1.0,3.0
43.0,Female,172.72,63.502931800000006,2.0,0.0
10.0,Female,142.24,28.576319310000002,3.0,
9.0,Male,152.4,40.8233133,3.0,
7.0,Male,129.54,28.576319310000002,3.0,
48.0,Male,162.56,65.77089365,7.0,
46.0,Female,162.56,74.84274105,7.0,4.0
15.0,Male,165.1,63.502931800000006,7.0,
13.0,Male,124.46000000000001,48.08079122,10.0,1.0
80.0,Male,170.18,72.57477920000001,2.0,
78.0,Female,157.48000000000002,56.69904625,5.0,
48.0,Male,172.72,77.1107029,40.0,4.0
50.0,Female,152.4,52.163122550000004,14.0,5.0
42.0,Male,185.42,127.00586360000001,5.0,2.0
43.0,Female,203.2,81.6466266,5.0,5.0
12.0,Female,167.64000000000001,56.69904625,10.0,8.0
9.0,Female,152.4,49.895160700000005,8.0,8.0
7.0,Female,137.16,36.287389600000004,8.0,6.0
49.0,Male,154.94,88.45051215000001,15.0,3.0
48.0,Female,152.4,50.80234544,15.0,3.0
14.0,Female,157.48000000000002,46.72001411,15.0,4.0
9.0,Male,144.78,30.84428116,15.0,6.0
60.0,Male,175.26,63.502931800000006,5.0,4.0
60.0,Female,154.94,45.359237,4.0,5.0
38.0,Male,154.94,88.45051215000001,6.0,5.0
36.0,Female,162.56,72.57477920000001,6.0,3.0
14.0,Male,160.02,68.0388555,5.0,1.0
55.0,Male,182.88,80.28584949,5.0,0.0
52.0,Female,172.72,72.57477920000001,1.0,0.0
63.0,Male,180.34,86.1825503,10.0,2.0
60.0,Female,162.56,68.0388555,12.0,2.0
59.0,Male,182.88,83.91458845000001,5.0,2.0
59.0,Female,162.56,47.62719885,12.0,2.0
23.0,Male,154.94,58.9670081,4.0,0.0
17.0,Male,175.26,61.23496995,5.0,1.0
66.0,Male,182.88,81.6466266,30.0,
55.0,Male,185.42,77.1107029,30.0,
55.0,Male,175.26,74.38914868,10.0,
54.0,Female,167.64000000000001,58.9670081,15.0,
65.0,Female,167.64000000000001,70.76040972,3.0,3.0
65.0,Female,172.72,70.30681735,20.0,0.0
53.0,Female,160.02,74.84274105,20.0,0.0
9.0,Male,142.24,28.576319310000002,35.0,21.0
61.0,Male,175.26,79.37866475,8.0,10.0
60.0,Female,170.18,58.9670081,12.0,
32.0,Female,167.64000000000001,54.4310844,8.0,18.0
65.0,Female,167.64000000000001,53.523899660000005,15.0,4.0
25.0,Male,187.96,88.45051215000001,6.0,6.0
25.0,Male,190.5,99.79032140000001,2.0,2.0
25.0,Male,182.88,79.37866475,2.0,2.0
57.0,Male,175.26,86.1825503,12.0,
59.0,Female,167.64000000000001,63.502931800000006,9.0,1.0
55.0,Female,160.02,74.84274105,5.0,
58.0,Male,182.88,77.1107029,4.0,4.0
24.0,Male,154.94,79.37866475,7.0,
73.0,Male,167.64000000000001,90.718474,56.0,5.0
55.0,Female,167.64000000000001,68.0388555,40.0,0.0
72.0,Male,165.1,65.77089365,20.0,
74.0,Female,157.48000000000002,49.895160700000005,20.0,
54.0,Male,190.5,92.98643585,3.0,3.0
50.0,Female,172.72,49.44156833,5.0,5.0
13.0,Female,162.56,54.4310844,3.0,2.0
10.0,Male,152.4,45.359237,8.0,4.0
40.0,Male,175.26,71.21400209000001,,6.0
4.0,Male,104.14,17.69010243,5.0,
39.0,Female,172.72,58.9670081,3.0,6.0
7.0,Female,124.46000000000001,22.6796185,5.0,
32.0,Male,193.04,88.45051215000001,3.0,6.0
32.0,Female,175.26,53.523899660000005,5.0,0.0
52.0,Male,190.5,115.66605435000001,4.0,0.0
44.0,Male,180.34,97.52235955,,10.0
41.0,Female,154.94,52.163122550000004,,8.0
8.0,Female,121.92,27.2155422,,8.0
7.0,Male,109.22,23.586803240000002,,5.0
63.0,Male,187.96,90.718474,50.0,5.0
61.0,Female,172.72,68.0388555,20.0,0.0
62.0,Male,175.26,81.6466266,42.0,
63.0,Female,165.1,70.30681735,40.0,
79.0,Male,182.88,104.32624510000001,3.0,
59.0,Female,157.48000000000002,95.2543977,10.0,
58.0,Male,182.88,127.00586360000001,5.0,
83.0,Female,157.48000000000002,55.33826914,8.0,0.0
83.0,Male,170.18,76.65711053,4.0,0.0
56.0,Male,185.42,99.79032140000001,5.0,1.0
53.0,Female,165.1,56.69904625,5.0,1.0
16.0,Female,157.48000000000002,56.69904625,5.0,2.0
61.0,Female,160.02,54.4310844,8.0,0.0
48.0,Female,157.48000000000002,81.6466266,10.0,
4.0,Female,104.14,20.41165665,7.0,
47.0,Male,154.94,95.2543977,15.0,
13.0,Male,154.94,46.266421740000006,8.0,
71.0,Male,182.88,86.1825503,2.0,2.0
71.0,Female,170.18,74.84274105,1.0,0.0
57.0,Female,154.94,72.57477920000001,5.0,3.0
57.0,Male,175.26,72.57477920000001,25.0,3.0
45.0,Female,152.4,70.30681735,6.0,6.0
45.0,Male,175.26,79.37866475,2.0,10.0
12.0,Male,167.64000000000001,58.9670081,2.0,12.0
80.0,Male,180.34,82.55381134000001,4.0,
64.0,Male,175.26,83.91458845000001,4.0,3.0
58.0,Female,170.18,64.86370891,2.0,4.0
41.0,Male,154.94,72.57477920000001,7.0,3.0
41.0,Female,162.56,61.23496995,7.0,3.0
12.0,Female,162.56,49.895160700000005,10.0,4.0
10.0,Female,152.4,43.09127515,10.0,4.0
16.0,Male,182.88,68.0388555,7.0,3.0
53.0,Male,210.82,83.91458845000001,8.0,4.0
51.0,Male,175.26,74.84274105,20.0,0.0
49.0,Female,162.56,52.163122550000004,5.0,0.0
17.0,Female,162.56,56.69904625,0.0,20.0
36.0,Female,152.4,45.359237,10.0,5.0
41.0,Female,162.56,65.77089365,4.0,1.0
40.0,Male,167.64000000000001,65.77089365,5.0,2.0
14.0,Female,160.02,57.60623099,3.0,5.0
12.0,Male,124.46000000000001,32.658650640000005,5.0,2.0
5.0,Female,121.92,21.31884139,5.0,
52.0,Female,162.56,48.08079122,6.0,3.0
52.0,Male,190.5,77.1107029,6.0,3.0
14.0,Male,152.4,40.8233133,,6.0
77.0,Male,172.72,77.1107029,15.0,0.0
77.0,Female,149.86,53.07030729,11.0,
81.0,Male,172.72,89.81128926000001,4.0,3.0
82.0,Female,160.02,61.23496995,4.0,1.0
41.0,Male,185.42,86.1825503,5.0,5.0
39.0,Female,154.94,53.523899660000005,5.0,
59.0,Male,185.42,83.91458845000001,40.0,1.0
38.0,Female,160.02,52.163122550000004,12.0,0.0
33.0,Male,154.94,65.77089365,2.0,2.0
32.0,Female,172.72,63.502931800000006,3.0,0.0
49.0,Female,167.64000000000001,68.0388555,10.0,9.0
32.0,Male,185.42,99.79032140000001,1.0,
36.0,Female,167.64000000000001,68.0388555,2.0,
0.0,Male,60.96,6.80388555,,
25.0,Male,182.88,104.32624510000001,6.0,0.0
16.0,Male,175.26,63.502931800000006,20.0,10.0
22.0,Male,190.5,104.32624510000001,8.0,0.0
18.0,Male,185.42,68.0388555,10.0,5.0
80.0,Male,175.26,72.57477920000001,6.0,
71.0,Female,160.02,50.80234544,6.0,
54.0,Female,187.96,97.52235955,0.0,0.0
43.0,Male,182.88,79.37866475,4.0,
41.0,Female,170.18,63.502931800000006,6.0,
5.0,Female,106.67999999999999,20.41165665,10.0,
1.0,Female,63.5,11.33980925,10.0,
3.0,Female,99.06,15.875732950000002,10.0,
56.0,Female,154.94,61.23496995,4.0,
62.0,Male,182.88,74.84274105,,4.0
53.0,Male,182.88,92.98643585,2.0,
57.0,Female,162.56,95.2543977,1.0,
22.0,Male,190.5,108.8621688,0.0,
41.0,Male,180.34,97.52235955,4.0,3.0
45.0,Female,154.94,81.6466266,5.0,2.0
6.0,Female,106.67999999999999,18.143694800000002,20.0,1.0
69.0,Female,165.1,89.81128926000001,4.0,3.0
12.0,Female,165.1,54.4310844,8.0,5.0
45.0,Female,175.26,54.4310844,20.0,6.0
55.0,Male,182.88,81.6466266,20.0,8.0
71.0,Male,154.94,72.57477920000001,7.0,3.0
38.0,Male,185.42,72.57477920000001,5.0,2.0
39.0,Female,172.72,74.84274105,10.0,2.0
10.0,Male,124.46000000000001,34.01942775,15.0,4.0
6.0,Female,106.67999999999999,20.41165665,15.0,4.0
8.0,Female,121.92,27.2155422,15.0,4.0
50.0,Female,167.64000000000001,89.81128926000001,28.0,6.0
51.0,Male,154.94,77.1107029,3.0,5.0
51.0,Female,172.72,72.57477920000001,4.0,3.0
24.0,Male,185.42,86.1825503,6.0,6.0
56.0,Male,182.88,95.2543977,8.0,3.0
55.0,Female,172.72,58.9670081,8.0,3.0
52.0,Female,170.18,117.9340162,27.0,0.0
24.0,Female,167.64000000000001,81.6466266,25.0,3.0
0.0,Female,50.8,3.17514659,,
40.0,Male,175.26,81.6466266,5.0,0.0
35.0,Female,167.64000000000001,63.502931800000006,5.0,0.0
85.0,Female,170.18,67.13167076,,
55.0,Female,167.64000000000001,77.1107029,,
57.0,Female,162.56,78.01788764,3.0,
54.0,Female,157.48000000000002,52.163122550000004,4.0,0.0
4.0,Female,106.67999999999999,20.41165665,5.0,10.0
37.0,Female,172.72,124.73790175,5.0,6.0
30.0,Male,187.96,90.718474,4.0,4.0
24.0,Female,172.72,63.502931800000006,4.0,4.0
1.0,Female,76.2,11.793401620000001,,
49.0,Male,182.88,92.98643585,40.0,2.0
50.0,Female,167.64000000000001,72.57477920000001,40.0,6.0
35.0,Male,182.88,86.1825503,1.0,1.0
35.0,Female,167.64000000000001,63.502931800000006,8.0,1.0
43.0,Female,157.48000000000002,72.57477920000001,6.0,0.0
43.0,Male,175.26,72.57477920000001,8.0,2.0
15.0,Male,167.64000000000001,49.895160700000005,4.0,10.0
13.0,Female,144.78,36.287389600000004,4.0,2.0
34.0,Male,154.94,81.6466266,5.0,1.0
31.0,Female,172.72,74.84274105,5.0,1.0
82.0,Female,152.4,55.791861510000004,60.0,
61.0,Unknown,157.48000000000002,58.9670081,4.0,1.0
39.0,Female,157.48000000000002,58.9670081,2.0,5.0
38.0,Male,187.96,83.91458845000001,5.0,3.0
6.0,Female,106.67999999999999,22.6796185,5.0,
44.0,Male,172.72,74.84274105,1.0,2.0
11.0,Male,152.4,41.276905670000005,1.0,2.0
42.0,Female,170.18,74.84274105,1.0,3.0
14.0,Male,154.94,42.63768278,1.0,3.0
12.0,Female,142.24,38.55535145,1.0,3.0
56.0,Female,167.64000000000001,67.13167076,7.0,
54.0,Male,187.96,79.37866475,15.0,
36.0,Male,187.96,90.718474,5.0,5.0
5.0,Male,106.67999999999999,19.958064280000002,25.0,3.0
36.0,Female,175.26,61.23496995,5.0,5.0
8.0,Female,93.98,21.772433760000002,25.0,3.0
54.0,Female,162.56,48.98797596,10.0,2.0
64.0,Male,170.18,68.0388555,5.0,0.0
65.0,Female,124.46000000000001,47.62719885,14.0,
77.0,Female,162.56,68.0388555,21.0,
72.0,Male,154.94,90.718474,20.0,10.0
71.0,Female,167.64000000000001,60.781377580000004,4.0,
73.0,Female,157.48000000000002,58.9670081,2.0,
43.0,Male,187.96,77.1107029,25.0,5.0
50.0,Female,167.64000000000001,54.4310844,5.0,1.0
59.0,Male,180.34,81.6466266,3.0,
61.0,Female,167.64000000000001,61.23496995,6.0,
52.0,Male,185.42,90.718474,5.0,3.0
16.0,Female,154.94,58.9670081,2.0,8.0
50.0,Female,172.72,81.6466266,4.0,0.0
18.0,Female,185.42,68.0388555,2.0,8.0
73.0,Male,175.26,108.8621688,10.0,
63.0,Female,162.56,90.718474,10.0,
29.0,Female,172.72,64.86370891,,2.0
39.0,Male,180.34,90.718474,,10.0
80.0,Male,187.96,96.16158244,,
85.0,Male,175.26,68.0388555,,
81.0,Female,167.64000000000001,81.6466266,,
47.0,Male,187.96,90.718474,30.0,3.0
64.0,Female,167.64000000000001,90.718474,20.0,2.0
45.0,Male,185.42,81.6466266,4.0,
43.0,Female,162.56,63.502931800000006,20.0,
15.0,Male,182.88,68.0388555,10.0,2.0
10.0,Male,124.46000000000001,36.287389600000004,10.0,
13.0,Male,165.1,45.359237,10.0,
46.0,Male,175.26,65.77089365,7.0,3.0
34.0,Female,165.1,53.07030729,7.0,3.0
43.0,Male,187.96,79.37866475,3.0,2.0
7.0,Female,127.0,22.6796185,20.0,0.0
84.0,Male,154.94,95.70799007000001,3.0,0.0
81.0,Female,167.64000000000001,65.77089365,6.0,0.0
40.0,Female,167.64000000000001,81.6466266,30.0,0.0
11.0,Male,157.48000000000002,45.359237,20.0,0.0
19.0,Male,172.72,77.1107029,20.0,0.0
17.0,Female,167.64000000000001,40.8233133,,
50.0,Female,160.02,58.9670081,5.0,5.0
59.0,Male,172.72,88.45051215000001,4.0,2.0
37.0,Male,182.88,111.13013065000001,10.0,1.0
38.0,Male,182.88,92.98643585,20.0,
69.0,Female,152.4,67.13167076,4.0,
72.0,Male,182.88,79.37866475,8.0,
90.0,Female,152.4,65.77089365,,
70.0,Male,180.34,76.20351816,38.0,12.0
60.0,Female,167.64000000000001,90.718474,15.0,7.0
44.0,Male,170.18,90.718474,,
49.0,Female,165.1,70.30681735,,
51.0,Female,167.64000000000001,78.92507238,5.0,
17.0,Male,187.96,71.66759446,5.0,14.0
16.0,Male,190.5,92.98643585,5.0,14.0
10.0,Male,121.92,27.2155422,5.0,5.0
45.0,Female,165.1,85.27536556,4.0,
52.0,Male,154.94,90.718474,10.0,5.0
51.0,Female,170.18,56.69904625,20.0,10.0
18.0,Female,167.64000000000001,65.77089365,5.0,10.0
58.0,Male,182.88,83.91458845000001,,5.0
32.0,Male,185.42,90.718474,40.0,
30.0,Female,172.72,63.502931800000006,20.0,5.0
1.0,Male,76.2,11.33980925,,
44.0,Female,167.64000000000001,77.1107029,7.0,
23.0,Female,162.56,81.6466266,5.0,
20.0,Female,162.56,65.77089365,5.0,
59.0,Male,175.26,85.27536556,11.0,2.0
56.0,Female,167.64000000000001,68.0388555,14.0,1.0
38.0,Male,152.4,72.57477920000001,6.0,
5.0,Female,119.38,22.22602613,7.0,2.0
38.0,Female,170.18,70.30681735,2.0,6.0
9.0,Female,142.24,32.658650640000005,7.0,4.0
2.0,Male,96.52,16.78291769,21.0,7.0
53.0,Male,154.94,99.79032140000001,40.0,5.0
48.0,Female,170.18,79.37866475,40.0,8.0
35.0,Female,170.18,58.9670081,15.0,7.0
71.0,Male,180.34,88.45051215000001,17.0,3.0
33.0,Female,165.1,64.41011654,3.0,6.0
37.0,Male,175.26,80.73944186,2.0,4.0
51.0,Male,185.42,90.718474,40.0,15.0
41.0,Female,175.26,58.9670081,20.0,5.0
5.0,Female,91.44,15.875732950000002,,
68.0,Female,165.1,67.13167076,3.0,0.0
98.0,Male,182.88,61.23496995,,
63.0,Male,187.96,86.1825503,25.0,20.0
63.0,Female,152.4,68.0388555,30.0,12.0
79.0,Female,160.02,74.84274105,12.0,0.0
55.0,Female,172.72,70.30681735,7.0,1.0
38.0,Female,170.18,68.0388555,2.0,4.0
40.0,Male,175.26,75.74992579,2.0,4.0
68.0,Male,167.64000000000001,79.37866475,5.0,3.0
64.0,Female,157.48000000000002,58.9670081,8.0,
52.0,Female,160.02,72.57477920000001,3.0,
57.0,Male,182.88,104.32624510000001,10.0,0.0
56.0,Female,165.1,104.32624510000001,0.0,0.0
60.0,Female,162.56,65.77089365,7.0,0.0
71.0,Male,154.94,99.79032140000001,,
62.0,Female,157.48000000000002,52.163122550000004,,
76.0,Female,172.72,92.98643585,10.0,8.0
45.0,Male,154.94,90.718474,10.0,
45.0,Female,154.94,81.6466266,10.0,
63.0,Male,180.34,89.35769689,15.0,3.0
61.0,Female,162.56,72.57477920000001,,
46.0,Male,180.34,102.05828325,10.0,1.0
33.0,Male,187.96,90.718474,4.0,0.0
7.0,Male,129.54,29.48350405,4.0,6.0
4.0,Female,109.22,18.143694800000002,4.0,0.0
2.0,Female,93.98,15.875732950000002,4.0,0.0
28.0,Female,154.94,100.24391377,10.0,0.0
67.0,Male,172.72,79.37866475,3.0,0.0
64.0,Female,162.56,65.77089365,3.0,0.0
78.0,Male,172.72,74.84274105,8.0,
63.0,Male,170.18,81.6466266,10.0,4.0
60.0,Female,167.64000000000001,54.4310844,12.0,2.0
42.0,Female,165.1,83.91458845000001,7.0,3.0
22.0,Male,160.02,61.23496995,15.0,0.0
77.0,Unknown,152.4,58.9670081,10.0,0.0
45.0,Male,172.72,74.84274105,7.0,7.0
32.0,Female,167.64000000000001,56.69904625,7.0,
53.0,Male,185.42,97.52235955,50.0,16.0
41.0,Male,154.94,83.91458845000001,30.0,5.0
37.0,Female,154.94,68.0388555,15.0,1.0
25.0,Female,157.48000000000002,45.359237,5.0,0.0
27.0,Male,182.88,72.57477920000001,10.0,2.0
62.0,Male,175.26,113.3980925,2.0,8.0
56.0,Female,167.64000000000001,72.57477920000001,10.0,5.0
44.0,Male,185.42,226.796185,4.0,0.0
53.0,Male,175.26,117.9340162,0.0,0.0
58.0,Male,170.18,90.718474,7.0,
27.0,Male,180.34,77.1107029,2.0,1.0
21.0,Female,160.02,70.30681735,5.0,1.0
39.0,Female,162.56,63.502931800000006,20.0,
37.0,Male,170.18,72.57477920000001,10.0,5.0
77.0,Male,180.34,61.23496995,,
80.0,Female,167.64000000000001,79.37866475,,
62.0,Male,187.96,138.34567285,10.0,
64.0,Female,152.4,48.98797596,10.0,
38.0,Female,152.4,60.32778521,5.0,
11.0,Female,152.4,41.73049804,5.0,
9.0,Male,129.54,23.586803240000002,5.0,
49.0,Female,154.94,48.534383590000004,,
45.0,Male,157.48000000000002,72.57477920000001,,
16.0,Female,157.48000000000002,49.895160700000005,,
47.0,Male,187.96,102.05828325,10.0,0.0
47.0,Female,172.72,63.502931800000006,10.0,2.0
49.0,Male,185.42,99.79032140000001,40.0,30.0
91.0,Female,154.94,53.07030729,,
45.0,Female,165.1,124.73790175,10.0,0.0
20.0,Female,160.02,86.1825503,10.0,8.0
17.0,Male,154.94,92.98643585,10.0,15.0
31.0,Female,165.1,68.0388555,7.0,3.0
35.0,Male,182.88,90.718474,7.0,3.0
6.0,Female,144.78,20.41165665,7.0,2.0
1.0,Male,73.66,13.6077711,7.0,0.0
58.0,Female,172.72,119.74838568000001,12.0,1.0
63.0,Male,165.1,62.59574706,10.0,
85.0,Male,154.94,77.1107029,8.0,
26.0,Male,175.26,90.718474,5.0,2.0
26.0,Male,154.94,81.6466266,5.0,2.0
28.0,Male,175.26,104.32624510000001,15.0,5.0
86.0,Female,157.48000000000002,45.359237,,
40.0,Female,152.4,68.0388555,7.0,
66.0,Male,182.88,102.05828325,,
62.0,Female,162.56,81.6466266,,
43.0,Male,182.88,99.79032140000001,,40.0
42.0,Female,170.18,81.6466266,5.0,
17.0,Male,175.26,90.718474,15.0,
40.0,Male,182.88,104.32624510000001,4.0,1.0
31.0,Female,175.26,102.05828325,4.0,1.0
2.0,Male,63.5,10.43262451,,
85.0,Male,154.94,77.1107029,,2.0
70.0,Male,187.96,122.4699399,3.0,1.0
50.0,Female,167.64000000000001,71.21400209000001,36.0,0.0
66.0,Male,182.88,79.37866475,21.0,
65.0,Female,152.4,55.33826914,21.0,
55.0,Male,170.18,90.718474,3.0,
53.0,Female,157.48000000000002,61.23496995,4.0,
83.0,Male,170.18,61.68856232,4.0,0.0
84.0,Female,152.4,54.4310844,4.0,0.0
77.0,Female,165.1,77.1107029,20.0,
47.0,Male,185.42,84.82177319,,
43.0,Male,185.42,82.55381134000001,5.0,8.0
67.0,Female,157.48000000000002,56.69904625,40.0,
59.0,Male,187.96,113.3980925,30.0,15.0
46.0,Female,180.34,119.74838568000001,10.0,0.0
70.0,Male,154.94,77.1107029,1.0,
79.0,Male,182.88,86.1825503,6.0,
79.0,Female,160.02,81.6466266,4.0,
50.0,Male,182.88,83.46099608,20.0,20.0
51.0,Female,154.94,81.6466266,5.0,0.0
45.0,Male,165.1,76.20351816,10.0,40.0
72.0,Female,160.02,62.59574706,28.0,
72.0,Male,180.34,89.35769689,28.0,
60.0,Female,160.02,72.57477920000001,21.0,7.0
53.0,Male,187.96,117.9340162,20.0,
51.0,Female,170.18,88.45051215000001,10.0,1.0
20.0,Male,190.5,70.30681735,10.0,4.0
68.0,Male,170.18,90.718474,15.0,
61.0,Female,170.18,63.502931800000006,40.0,
32.0,Female,154.94,49.895160700000005,4.0,2.0
56.0,Female,162.56,104.32624510000001,10.0,
22.0,Male,190.5,34.01942775,30.0,
46.0,Female,170.18,61.23496995,28.0,7.0
84.0,Female,152.4,56.69904625,2.0,0.0
47.0,Male,154.94,81.6466266,8.0,0.0
77.0,Male,152.4,83.91458845000001,4.0,0.0
50.0,Female,170.18,56.69904625,10.0,
18.0,Male,154.94,70.30681735,2.0,
52.0,Male,182.88,95.2543977,2.0,
22.0,Male,182.88,68.0388555,,
16.0,Male,187.96,68.0388555,10.0,1.0
49.0,Female,170.18,65.77089365,10.0,4.0
38.0,Male,154.94,68.0388555,10.0,0.0
55.0,Male,167.64000000000001,65.77089365,5.0,0.0
51.0,Female,157.48000000000002,63.502931800000006,50.0,5.0
23.0,Male,175.26,79.37866475,10.0,0.0
16.0,Female,149.86,49.895160700000005,0.0,15.0
66.0,Male,180.34,83.91458845000001,7.0,1.0
61.0,Female,167.64000000000001,86.1825503,3.0,1.0
70.0,Female,124.46000000000001,69.39963261,15.0,
83.0,Male,154.94,61.23496995,,
57.0,Female,157.48000000000002,58.9670081,5.0,
46.0,Male,154.94,83.91458845000001,20.0,5.0
60.0,Female,167.64000000000001,88.45051215000001,10.0,0.0
62.0,Male,154.94,95.2543977,5.0,0.0
21.0,Male,185.42,79.37866475,20.0,10.0
19.0,Male,187.96,74.84274105,25.0,30.0
48.0,Female,175.26,79.37866475,10.0,1.0
54.0,Male,190.5,88.45051215000001,20.0,5.0
24.0,Female,170.18,129.27382545,7.0,3.0
46.0,Male,180.34,97.52235955,4.0,5.0
4.0,Male,109.22,19.50447191,15.0,1.0
60.0,Female,152.4,63.502931800000006,9.0,2.0
77.0,Female,152.4,68.0388555,0.0,0.0
53.0,Male,172.72,77.1107029,10.0,10.0
53.0,Female,165.1,62.59574706,10.0,0.0
22.0,Female,157.48000000000002,57.60623099,6.0,6.0
18.0,Male,154.94,72.57477920000001,6.0,0.0
52.0,Female,172.72,81.6466266,14.0,0.0
14.0,Male,187.96,65.77089365,10.0,1.0
17.0,Male,195.57999999999998,88.45051215000001,20.0,4.0
16.0,Male,190.5,68.0388555,10.0,2.0
12.0,Female,152.4,43.09127515,15.0,1.0
9.0,Male,142.24,30.84428116,10.0,1.0
48.0,Male,193.04,86.1825503,20.0,2.0
57.0,Male,172.72,90.718474,10.0,2.0
57.0,Female,170.18,58.9670081,10.0,2.0
27.0,Male,172.72,72.57477920000001,20.0,20.0
24.0,Female,167.64000000000001,68.0388555,10.0,4.0
76.0,Male,172.72,99.79032140000001,8.0,
66.0,Female,160.02,95.2543977,45.0,
55.0,Female,175.26,58.9670081,7.0,0.0
82.0,Male,167.64000000000001,86.1825503,40.0,
80.0,Female,165.1,81.6466266,0.0,
57.0,Female,160.02,63.04933943,5.0,0.0
45.0,Male,167.64000000000001,71.21400209000001,25.0,15.0
79.0,Male,175.26,104.32624510000001,14.0,
80.0,Male,154.94,112.94450013000001,2.0,
42.0,Male,162.56,76.20351816,40.0,2.0
36.0,Female,160.02,69.39963261,20.0,10.0
9.0,Female,132.08,19.05087954,32.0,8.0
7.0,Male,93.98,13.6077711,32.0,8.0
76.0,Female,157.48000000000002,61.68856232,12.0,15.0
46.0,Male,154.94,84.36818082,15.0,20.0
40.0,Female,152.4,79.37866475,10.0,10.0
53.0,Male,175.26,70.30681735,5.0,6.0
52.0,Female,167.64000000000001,83.91458845000001,5.0,7.0
16.0,Male,154.94,88.45051215000001,4.0,10.0
76.0,Female,157.48000000000002,70.30681735,10.0,0.0
77.0,Male,167.64000000000001,90.718474,20.0,0.0
55.0,Male,175.26,74.38914868,12.0,0.0
36.0,Female,165.1,81.6466266,10.0,7.0
32.0,Female,167.64000000000001,54.4310844,20.0,10.0
38.0,Male,175.26,90.718474,10.0,4.0
66.0,Male,180.34,113.3980925,10.0,3.0
64.0,Female,162.56,68.0388555,5.0,5.0
44.0,Female,162.56,77.1107029,4.0,0.0
53.0,Female,167.64000000000001,74.84274105,20.0,0.0
52.0,Female,160.02,72.57477920000001,20.0,
54.0,Male,172.72,86.1825503,60.0,
21.0,Female,160.02,72.57477920000001,10.0,
18.0,Male,165.1,56.69904625,30.0,
75.0,Female,167.64000000000001,63.502931800000006,4.0,
86.0,Male,185.42,122.4699399,2.0,0.0
78.0,Female,170.18,86.1825503,4.0,0.0
51.0,Male,175.26,65.77089365,15.0,6.0
47.0,Female,170.18,61.23496995,15.0,1.0
18.0,Female,170.18,58.9670081,7.0,0.0
3.0,Female,91.44,13.6077711,40.0,0.0
75.0,Male,187.96,83.91458845000001,10.0,22.0
76.0,Female,172.72,86.1825503,,
68.0,Male,170.18,84.36818082,3.0,1.0
67.0,Female,167.64000000000001,79.37866475,2.0,1.0
54.0,Male,170.18,70.30681735,5.0,2.0
53.0,Female,170.18,56.69904625,10.0,
48.0,Female,167.64000000000001,63.502931800000006,5.0,
52.0,Male,175.26,70.30681735,5.0,9.0
14.0,Female,160.02,49.895160700000005,5.0,1.0
65.0,Male,182.88,70.30681735,20.0,6.0
63.0,Female,170.18,58.9670081,30.0,6.0
60.0,Male,182.88,95.2543977,6.0,
82.0,Female,162.56,49.895160700000005,5.0,
82.0,Male,170.18,65.77089365,7.0,
70.0,Male,182.88,83.91458845000001,10.0,
68.0,Female,167.64000000000001,4.535923700000001,16.0,
28.0,Male,190.5,90.718474,2.0,2.0
30.0,Female,180.34,56.69904625,3.0,1.0
44.0,Male,175.26,63.502931800000006,15.0,1.0
44.0,Female,167.64000000000001,56.69904625,15.0,2.0
11.0,Female,149.86,40.8233133,10.0,6.0
8.0,Female,119.38,19.05087954,10.0,4.0
86.0,Male,175.26,72.57477920000001,0.0,0.0
72.0,Female,152.4,4.9895160700000005,15.0,1.0
33.0,Female,165.1,62.59574706,12.0,6.0
33.0,Male,187.96,74.84274105,6.0,11.0
2.0,Male,93.98,15.42214058,15.0,
1.0,Female,71.12,9.071847400000001,15.0,
89.0,Male,180.34,72.57477920000001,4.0,6.0
89.0,Female,152.4,56.24545388,6.0,1.0
65.0,Male,172.72,77.1107029,21.0,
61.0,Female,160.02,65.77089365,21.0,
72.0,Male,182.88,79.37866475,5.0,4.0
47.0,Female,170.18,58.9670081,5.0,0.0
48.0,Male,154.94,70.30681735,17.0,3.0
6.0,Female,111.75999999999999,19.958064280000002,10.0,0.0
80.0,Male,180.34,90.718474,15.0,1.0
85.0,Female,154.94,58.9670081,28.0,0.0
50.0,Male,154.94,95.2543977,12.0,2.0
52.0,Female,165.1,76.20351816,7.0,
45.0,Male,200.66,77.1107029,5.0,0.0
56.0,Female,182.88,81.6466266,5.0,3.0
60.0,Male,154.94,86.1825503,60.0,20.0
53.0,Female,157.48000000000002,56.69904625,40.0,5.0
20.0,Male,185.42,79.37866475,40.0,5.0
20.0,Female,165.1,56.69904625,40.0,5.0
38.0,Female,170.18,63.502931800000006,20.0,
39.0,Male,187.96,131.5417873,20.0,
6.0,Female,121.92,26.30835746,,
2.0,Male,91.44,14.51495584,,
89.0,Male,154.94,74.84274105,7.0,1.0
89.0,Female,162.56,63.502931800000006,12.0,4.0
35.0,Male,170.18,72.57477920000001,2.0,
34.0,Female,160.02,54.4310844,0.0,
3.0,Male,60.96,13.6077711,0.0,
1.0,Female,68.58,7.71107029,0.0,
67.0,Female,154.94,49.895160700000005,14.0,3.0
34.0,Female,162.56,63.502931800000006,5.0,4.0
37.0,Female,167.64000000000001,61.23496995,3.0,3.0
35.0,Male,172.72,86.1825503,6.0,1.0
34.0,Female,157.48000000000002,54.4310844,6.0,5.0
14.0,Female,157.48000000000002,65.77089365,6.0,0.0
9.0,Female,137.16,36.287389600000004,16.0,0.0
52.0,Male,154.94,90.718474,15.0,2.0
51.0,Female,170.18,63.502931800000006,15.0,0.0
21.0,Male,154.94,77.1107029,8.0,10.0
18.0,Male,180.34,72.57477920000001,8.0,6.0
16.0,Male,175.26,68.0388555,12.0,6.0
76.0,Male,175.26,90.718474,5.0,0.0
87.0,Male,162.56,99.79032140000001,0.0,0.0
41.0,Female,167.64000000000001,113.3980925,3.0,6.0
36.0,Male,170.18,83.91458845000001,7.0,0.0
4.0,Male,139.7,20.41165665,14.0,
3.0,Male,91.44,15.875732950000002,14.0,
63.0,Female,167.64000000000001,71.66759446,5.0,3.0
59.0,Male,195.57999999999998,95.2543977,10.0,5.0
55.0,Female,165.1,77.1107029,10.0,4.0
47.0,Male,182.88,140.6136347,1.0,0.0
47.0,Female,165.1,90.718474,10.0,3.0
18.0,Female,167.64000000000001,70.30681735,5.0,5.0
13.0,Male,172.72,65.77089365,5.0,5.0
16.0,Female,165.1,65.77089365,5.0,5.0
38.0,Male,154.94,74.84274105,5.0,3.0
84.0,Female,160.02,58.9670081,,
61.0,Female,167.64000000000001,56.69904625,20.0,
36.0,Female,162.56,57.60623099,7.0,
38.0,Male,187.96,77.1107029,4.0,3.0
48.0,Male,182.88,90.718474,8.0,1.0
50.0,Female,157.48000000000002,63.502931800000006,12.0,1.0
21.0,Female,165.1,63.502931800000006,7.0,7.0
17.0,Female,160.02,63.502931800000006,2.0,0.0
64.0,Female,162.56,62.142154690000005,4.0,3.0
39.0,Male,180.34,104.32624510000001,3.0,0.0
24.0,Female,167.64000000000001,79.37866475,10.0,2.0
47.0,Male,187.96,89.81128926000001,2.0,3.0
42.0,Female,157.48000000000002,58.9670081,,5.0
59.0,Female,167.64000000000001,99.79032140000001,1.0,0.0
34.0,Male,154.94,88.45051215000001,18.0,1.0
34.0,Female,172.72,63.502931800000006,18.0,3.0
4.0,Male,104.14,19.05087954,20.0,12.0
2.0,Female,76.2,9.52543977,30.0,
82.0,Male,175.26,65.77089365,50.0,12.0
80.0,Female,162.56,50.80234544,60.0,10.0
56.0,Female,157.48000000000002,58.9670081,7.0,
41.0,Female,165.1,54.4310844,2.0,2.0
57.0,Male,172.72,104.32624510000001,1.0,1.0
60.0,Female,152.4,79.37866475,30.0,10.0
45.0,Male,182.88,83.91458845000001,15.0,
19.0,Male,187.96,77.1107029,15.0,10.0
46.0,Male,180.34,81.6466266,5.0,
40.0,Female,167.64000000000001,68.0388555,5.0,
52.0,Male,167.64000000000001,83.91458845000001,35.0,5.0
45.0,Female,165.1,65.77089365,5.0,0.0
25.0,Female,165.1,61.23496995,25.0,8.0
28.0,Male,187.96,90.26488163,25.0,5.0
26.0,Male,187.96,72.57477920000001,20.0,10.0
28.0,Male,175.26,90.718474,40.0,14.0
28.0,Female,165.1,61.23496995,40.0,4.0
6.0,Male,121.92,22.6796185,35.0,14.0
3.0,Male,91.44,13.6077711,25.0,10.0
45.0,Female,162.56,81.6466266,5.0,
45.0,Male,172.72,83.46099608,5.0,
47.0,Female,167.64000000000001,86.1825503,15.0,0.0
23.0,Female,160.02,63.502931800000006,10.0,10.0
50.0,Male,180.34,86.1825503,20.0,20.0
25.0,Male,190.5,99.79032140000001,10.0,30.0
18.0,Male,175.26,72.57477920000001,10.0,15.0
87.0,Female,162.56,58.9670081,3.0,0.0
82.0,Male,172.72,66.22448602,15.0,2.0
76.0,Female,172.72,88.45051215000001,20.0,2.0
69.0,Male,180.34,79.37866475,5.0,10.0
61.0,Female,157.48000000000002,90.718474,5.0,
9.0,Male,187.96,111.58372302000001,3.0,0.0
49.0,Male,172.72,81.6466266,20.0,0.0
45.0,Female,165.1,77.1107029,8.0,0.0
12.0,Female,149.86,53.07030729,12.0,0.0
47.0,Male,154.94,108.8621688,25.0,10.0
16.0,Male,154.94,72.57477920000001,30.0,10.0
52.0,Male,154.94,105.23342984,14.0,0.0
48.0,Female,162.56,44.45205226,14.0,0.0
22.0,Male,175.26,89.81128926000001,12.0,0.0
14.0,Male,172.72,54.4310844,6.0,12.0
16.0,Male,167.64000000000001,53.523899660000005,6.0,8.0
60.0,Male,154.94,81.19303423000001,25.0,2.0
40.0,Male,182.88,86.1825503,10.0,
37.0,Female,162.56,81.6466266,20.0,
6.0,Male,121.92,21.772433760000002,10.0,
67.0,Male,170.18,88.45051215000001,50.0,
54.0,Male,154.94,108.8621688,5.0,2.0
80.0,Male,182.88,83.91458845000001,6.0,
78.0,Female,167.64000000000001,58.9670081,6.0,
50.0,Male,187.96,91.17206637000001,2.0,0.0
50.0,Female,162.56,63.502931800000006,3.0,3.0
19.0,Male,154.94,74.84274105,2.0,3.0
15.0,Male,172.72,63.95652417,4.0,3.0
11.0,Male,175.26,70.76040972,20.0,1.0
50.0,Male,170.18,83.46099608,10.0,
15.0,Male,170.18,57.152638620000005,,20.0
48.0,Female,165.1,63.502931800000006,12.0,
16.0,Male,170.18,56.69904625,13.0,
51.0,Male,180.34,95.2543977,5.0,4.0
16.0,Female,152.4,47.62719885,5.0,10.0
74.0,Male,175.26,72.57477920000001,20.0,
44.0,Male,170.18,81.6466266,4.0,
52.0,Female,157.48000000000002,83.91458845000001,3.0,
69.0,Male,180.34,83.46099608,5.0,1.0
64.0,Female,152.4,63.502931800000006,5.0,1.0
28.0,Female,172.72,58.9670081,5.0,1.0
61.0,Male,154.94,104.32624510000001,30.0,1.0
71.0,Male,154.94,88.45051215000001,20.0,4.0
69.0,Female,172.72,74.84274105,10.0,0.0
76.0,Female,165.1,70.30681735,,25.0
82.0,Male,170.18,73.48196394,,25.0
44.0,Male,154.94,74.84274105,40.0,5.0
65.0,Female,167.64000000000001,74.84274105,2.0,1.0
50.0,Female,162.56,65.77089365,2.0,1.0
84.0,Male,175.26,86.1825503,50.0,10.0
39.0,Female,170.18,82.10021897,20.0,5.0
64.0,Male,180.34,99.79032140000001,3.0,0.0
63.0,Female,154.94,68.0388555,3.0,0.0
60.0,Male,154.94,117.9340162,9.0,
28.0,Female,172.72,127.00586360000001,7.0,
36.0,Male,187.96,102.05828325,5.0,5.0
31.0,Female,170.18,63.502931800000006,10.0,9.0
65.0,Male,154.94,70.30681735,4.0,4.0
65.0,Female,162.56,58.9670081,8.0,
60.0,Female,172.72,75.74992579,36.0,
66.0,Male,170.18,83.91458845000001,60.0,
26.0,Female,172.72,90.718474,80.0,20.0
28.0,Male,154.94,74.84274105,100.0,0.0
52.0,Male,180.34,90.718474,2.0,0.0
53.0,Female,162.56,77.1107029,1.0,0.0
59.0,Female,124.46000000000001,52.163122550000004,3.0,
63.0,Male,172.72,76.20351816,3.0,2.0
57.0,Male,180.34,117.9340162,30.0,
45.0,Female,162.56,65.77089365,20.0,
21.0,Female,162.56,66.22448602,20.0,
19.0,Female,162.56,54.4310844,40.0,
28.0,Female,190.5,87.54332741,2.0,3.0
29.0,Male,162.56,72.57477920000001,3.0,3.0
68.0,Male,182.88,104.32624510000001,60.0,7.0
65.0,Female,157.48000000000002,39.916128560000004,50.0,5.0
34.0,Male,167.64000000000001,72.57477920000001,3.0,
29.0,Female,154.94,54.4310844,,30.0
45.0,Female,154.94,104.32624510000001,,1.0
47.0,Male,172.72,90.718474,,5.0
17.0,Male,175.26,63.502931800000006,,10.0
15.0,Male,170.18,61.23496995,,20.0
38.0,Male,187.96,104.32624510000001,55.0,2.0
42.0,Female,165.1,83.91458845000001,15.0,0.0
87.0,Male,167.64000000000001,83.91458845000001,14.0,
77.0,Female,154.94,65.31730128000001,28.0,
71.0,Male,154.94,83.46099608,7.0,
83.0,Male,162.56,66.22448602,6.0,
82.0,Female,152.4,47.62719885,6.0,
56.0,Male,172.72,96.16158244,5.0,
47.0,Female,167.64000000000001,68.0388555,2.0,
19.0,Female,175.26,68.0388555,5.0,2.0
69.0,Male,154.94,58.05982336,6.0,10.0
65.0,Female,160.02,53.523899660000005,6.0,10.0
77.0,Male,180.34,80.73944186,10.0,3.0
87.0,Female,165.1,72.57477920000001,,
45.0,Male,172.72,113.3980925,10.0,2.0
52.0,Female,170.18,61.23496995,10.0,5.0
66.0,Male,154.94,90.718474,7.0,
63.0,Female,162.56,63.502931800000006,5.0,
44.0,Male,154.94,90.718474,40.0,
26.0,Female,172.72,68.0388555,40.0,5.0
60.0,Male,182.88,104.32624510000001,40.0,0.0
38.0,Male,182.88,81.6466266,14.0,0.0
64.0,Male,154.94,77.1107029,20.0,
60.0,Female,157.48000000000002,45.359237,30.0,
33.0,Male,154.94,88.45051215000001,20.0,0.0
57.0,Male,185.42,87.99691978,24.0,0.0
59.0,Male,172.72,92.98643585,10.0,
56.0,Female,167.64000000000001,54.4310844,30.0,20.0
20.0,Female,165.1,61.23496995,10.0,
68.0,Male,154.94,88.45051215000001,20.0,0.0
56.0,Female,170.18,68.0388555,20.0,0.0
60.0,Male,182.88,73.48196394,14.0,14.0
39.0,Male,160.02,74.84274105,4.0,
7.0,Female,132.08,26.761949830000002,14.0,
6.0,Female,119.38,28.12272694,14.0,
75.0,Male,154.94,74.84274105,40.0,0.0
89.0,Male,172.72,81.6466266,6.0,4.0
72.0,Male,154.94,106.59420695,10.0,
66.0,Female,157.48000000000002,68.0388555,,
50.0,Male,190.5,83.91458845000001,40.0,10.0
46.0,Female,167.64000000000001,74.84274105,5.0,0.0
73.0,Male,190.5,102.05828325,20.0,6.0
47.0,Female,160.02,90.718474,40.0,10.0
18.0,Female,160.02,45.81282937,50.0,10.0
57.0,Male,175.26,83.91458845000001,40.0,10.0
73.0,Female,170.18,63.502931800000006,20.0,8.0
76.0,Male,182.88,92.98643585,28.0,8.0
46.0,Male,154.94,88.45051215000001,10.0,2.0
62.0,Male,154.94,84.82177319,14.0,1.0
61.0,Female,160.02,61.23496995,20.0,1.0
33.0,Female,162.56,61.23496995,3.0,
33.0,Male,154.94,95.2543977,3.0,
38.0,Female,175.26,63.502931800000006,5.0,1.0
38.0,Male,180.34,81.6466266,3.0,2.0
52.0,Female,172.72,79.37866475,5.0,1.0
70.0,Male,182.88,90.718474,10.0,2.0
65.0,Male,185.42,81.6466266,25.0,
64.0,Female,172.72,70.30681735,30.0,
77.0,Female,154.94,63.502931800000006,,
78.0,Male,185.42,108.8621688,4.0,
29.0,Male,182.88,86.1825503,10.0,0.0
31.0,Female,165.1,58.9670081,10.0,3.0
70.0,Male,187.96,113.3980925,10.0,3.0
69.0,Female,162.56,72.57477920000001,18.0,3.0
82.0,Female,165.1,55.791861510000004,18.0,0.0
38.0,Female,157.48000000000002,65.77089365,,
35.0,Female,162.56,72.57477920000001,15.0,2.0
29.0,Female,162.56,72.57477920000001,20.0,2.0
27.0,Male,180.34,79.37866475,20.0,4.0
27.0,Female,175.26,63.502931800000006,20.0,5.0
50.0,Female,167.64000000000001,58.05982336,7.0,2.0
54.0,Male,185.42,90.718474,5.0,4.0
75.0,Male,175.26,99.33672903,2.0,
71.0,Female,165.1,86.1825503,15.0,
64.0,Female,154.94,52.163122550000004,7.0,
75.0,Male,154.94,63.502931800000006,30.0,7.0
70.0,Female,154.94,68.0388555,30.0,7.0
68.0,Male,172.72,74.84274105,18.0,
60.0,Female,165.1,63.502931800000006,15.0,
53.0,Male,182.88,83.91458845000001,1.0,0.0
46.0,Female,167.64000000000001,90.718474,4.0,2.0
89.0,Male,154.94,86.1825503,10.0,
88.0,Female,144.78,56.69904625,5.0,
56.0,Female,157.48000000000002,81.6466266,10.0,
87.0,Female,152.4,59.874192840000006,6.0,4.0
68.0,Male,170.18,77.1107029,35.0,0.0
68.0,Female,167.64000000000001,77.1107029,35.0,0.0
82.0,Male,180.34,86.1825503,20.0,
81.0,Female,124.46000000000001,29.48350405,,
54.0,Male,170.18,77.1107029,20.0,6.0
55.0,Female,170.18,61.23496995,20.0,0.0
58.0,Female,157.48000000000002,54.4310844,,
69.0,Female,165.1,72.57477920000001,35.0,6.0
75.0,Male,175.26,77.1107029,40.0,12.0
51.0,Male,180.34,83.91458845000001,2.0,4.0
55.0,Male,154.94,99.79032140000001,4.0,0.0
54.0,Female,172.72,63.502931800000006,6.0,4.0
17.0,Male,187.96,81.6466266,6.0,20.0
15.0,Male,175.26,79.37866475,4.0,10.0
45.0,Male,182.88,83.91458845000001,10.0,3.0
37.0,Male,182.88,136.077711,3.0,0.0
39.0,Female,172.72,63.502931800000006,3.0,0.0
39.0,Male,182.88,83.91458845000001,15.0,
50.0,Male,187.96,83.46099608,10.0,
49.0,Female,165.1,60.32778521,10.0,
20.0,Male,187.96,72.57477920000001,15.0,3.0
66.0,Male,172.72,76.20351816,60.0,7.0
66.0,Female,165.1,53.97749203,60.0,7.0
45.0,Male,154.94,78.47148001000001,10.0,4.0
48.0,Female,160.02,56.69904625,10.0,3.0
13.0,Female,149.86,36.287389600000004,10.0,6.0
62.0,Male,182.88,98.42954429000001,12.0,0.0
63.0,Female,162.56,58.9670081,15.0,0.0
40.0,Female,157.48000000000002,61.23496995,12.0,2.0
49.0,Male,180.34,113.3980925,10.0,2.0
19.0,Female,162.56,56.69904625,12.0,4.0
17.0,Male,167.64000000000001,65.77089365,10.0,5.0
58.0,Male,167.64000000000001,71.66759446,5.0,0.0
18.0,Female,160.02,54.4310844,2.0,3.0
57.0,Female,165.1,63.502931800000006,9.0,7.0
52.0,Male,182.88,104.32624510000001,7.0,4.0
48.0,Male,154.94,72.57477920000001,5.0,2.0
44.0,Female,172.72,68.0388555,3.0,4.0
32.0,Male,182.88,90.718474,6.0,8.0
29.0,Female,172.72,63.502931800000006,20.0,5.0
50.0,Female,162.56,67.13167076,3.0,1.0
54.0,Male,175.26,94.34721296000001,2.0,2.0
68.0,Male,172.72,72.57477920000001,20.0,10.0
66.0,Female,157.48000000000002,54.4310844,10.0,
47.0,Male,170.18,72.57477920000001,5.0,2.0
45.0,Female,154.94,77.1107029,5.0,0.0
18.0,Female,160.02,70.30681735,3.0,2.0
12.0,Female,154.94,54.4310844,3.0,4.0
16.0,Female,170.18,86.1825503,3.0,1.0
56.0,Male,154.94,68.0388555,20.0,
50.0,Female,167.64000000000001,72.57477920000001,10.0,
45.0,Male,154.94,74.84274105,15.0,3.0
42.0,Female,165.1,63.502931800000006,10.0,2.0
20.0,Female,167.64000000000001,58.9670081,10.0,5.0
15.0,Male,172.72,54.4310844,5.0,15.0
18.0,Male,190.5,88.45051215000001,5.0,10.0
60.0,Male,154.94,97.52235955,5.0,2.0
55.0,Female,162.56,53.97749203,10.0,0.0
17.0,Male,182.88,63.502931800000006,5.0,1.0
35.0,Male,185.42,86.1825503,4.0,
32.0,Female,170.18,56.69904625,14.0,
46.0,Male,175.26,72.57477920000001,15.0,2.0
44.0,Female,167.64000000000001,57.60623099,6.0,
50.0,Female,170.18,57.60623099,12.0,2.0
61.0,Male,182.88,79.37866475,3.0,
64.0,Female,160.02,68.0388555,10.0,1.0
68.0,Male,172.72,74.84274105,10.0,2.0
66.0,Male,154.94,113.3980925,2.0,0.0
65.0,Female,160.02,77.1107029,6.0,1.0
74.0,Female,157.48000000000002,63.502931800000006,5.0,
89.0,Male,154.94,96.16158244,25.0,
76.0,Female,160.02,72.57477920000001,36.0,
25.0,Female,160.02,49.895160700000005,15.0,1.0
26.0,Male,167.64000000000001,58.9670081,10.0,1.0
58.0,Male,193.04,104.32624510000001,80.0,40.0
57.0,Female,162.56,54.4310844,60.0,20.0
66.0,Female,170.18,93.44002822,2.0,
45.0,Male,154.94,82.55381134000001,1.0,
47.0,Female,160.02,65.77089365,7.0,
17.0,Female,152.4,56.69904625,4.0,
60.0,Male,180.34,108.40857643000001,4.0,3.0
58.0,Female,175.26,67.58526313,7.0,4.0
78.0,Male,170.18,73.48196394,56.0,4.0
60.0,Female,165.1,72.57477920000001,56.0,4.0
75.0,Female,162.56,80.73944186,20.0,
40.0,Male,172.72,90.718474,45.0,5.0
9.0,Male,142.24,40.8233133,20.0,
52.0,Male,185.42,90.718474,20.0,20.0
47.0,Female,167.64000000000001,90.718474,38.0,2.0
12.0,Male,167.64000000000001,54.4310844,30.0,10.0
69.0,Male,180.34,104.32624510000001,10.0,
57.0,Male,187.96,127.00586360000001,4.0,
56.0,Female,167.64000000000001,72.57477920000001,40.0,
80.0,Male,180.34,82.55381134000001,12.0,5.0
77.0,Female,165.1,52.163122550000004,15.0,5.0
52.0,Male,182.88,104.32624510000001,5.0,2.0
57.0,Male,203.2,113.3980925,14.0,
90.0,Female,154.94,61.23496995,7.0,
61.0,Male,170.18,83.91458845000001,4.0,3.0
55.0,Female,167.64000000000001,70.30681735,5.0,0.0
17.0,Male,172.72,65.77089365,5.0,0.0
62.0,Male,170.18,72.57477920000001,3.0,1.0
54.0,Female,157.48000000000002,54.4310844,0.0,2.0
56.0,Male,170.18,76.20351816,,
60.0,Female,157.48000000000002,75.29633342000001,,
63.0,Male,185.42,95.2543977,50.0,
63.0,Female,167.64000000000001,72.57477920000001,40.0,
63.0,Male,193.04,127.00586360000001,25.0,0.0
65.0,Female,175.26,72.57477920000001,40.0,4.0
54.0,Male,154.94,95.2543977,16.0,8.0
50.0,Female,167.64000000000001,72.57477920000001,28.0,
78.0,Female,165.1,79.37866475,8.0,1.0
62.0,Male,182.88,72.57477920000001,2.0,
29.0,Male,187.96,84.82177319,7.0,
45.0,Male,154.94,80.73944186,2.0,2.0
42.0,Female,167.64000000000001,58.9670081,2.0,1.0
15.0,Male,175.26,61.23496995,4.0,6.0
7.0,Male,121.92,27.2155422,6.0,4.0
13.0,Male,165.1,54.4310844,4.0,6.0
45.0,Male,182.88,86.1825503,2.0,0.0
44.0,Female,162.56,56.69904625,4.0,0.0
63.0,Male,185.42,77.1107029,12.0,1.0
62.0,Female,162.56,47.62719885,10.0,3.0
58.0,Male,154.94,113.3980925,,
59.0,Female,167.64000000000001,74.84274105,,
61.0,Male,154.94,117.9340162,5.0,
61.0,Female,165.1,72.57477920000001,5.0,1.0
74.0,Male,167.64000000000001,91.17206637000001,2.0,
71.0,Female,165.1,74.84274105,2.0,
60.0,Male,172.72,86.1825503,12.0,1.0
57.0,Female,170.18,81.6466266,6.0,0.0
71.0,Female,160.02,68.0388555,,
33.0,Female,165.1,72.57477920000001,,
68.0,Male,167.64000000000001,83.46099608,10.0,
64.0,Female,152.4,106.59420695,5.0,
74.0,Female,167.64000000000001,90.718474,12.0,0.0
72.0,Male,154.94,81.6466266,48.0,2.0
43.0,Male,175.26,80.73944186,20.0,0.0
42.0,Female,154.94,49.44156833,30.0,10.0
79.0,Male,167.64000000000001,77.1107029,20.0,
32.0,Male,175.26,77.56429527,,4.0
32.0,Female,165.1,47.62719885,56.0,5.0
47.0,Male,170.18,145.14955840000002,10.0,10.0
56.0,Female,175.26,54.4310844,20.0,20.0
60.0,Male,167.64000000000001,76.20351816,6.0,
60.0,Female,157.48000000000002,63.502931800000006,2.0,
75.0,Male,185.42,81.6466266,7.0,
72.0,Female,157.48000000000002,58.9670081,2.0,
76.0,Male,175.26,79.37866475,29.0,3.0
30.0,Female,162.56,68.0388555,1.0,1.0
30.0,Male,154.94,90.718474,1.0,1.0
62.0,Male,185.42,113.3980925,10.0,0.0
68.0,Female,162.56,70.30681735,10.0,0.0
75.0,Male,154.94,84.36818082,,
69.0,Female,162.56,77.1107029,,
55.0,Male,175.26,77.1107029,8.0,6.0
47.0,Female,172.72,63.502931800000006,8.0,6.0
35.0,Male,175.26,81.6466266,10.0,4.0
35.0,Female,167.64000000000001,74.38914868,30.0,4.0
13.0,Male,167.64000000000001,45.359237,4.0,12.0
4.0,Female,106.67999999999999,18.143694800000002,15.0,0.0
10.0,Male,134.62,34.01942775,15.0,1.0
80.0,Male,154.94,81.6466266,5.0,
75.0,Female,162.56,5.4431084400000005,6.0,
68.0,Male,154.94,86.1825503,40.0,10.0
66.0,Female,157.48000000000002,77.1107029,10.0,0.0
38.0,Male,180.34,72.57477920000001,40.0,15.0
54.0,Male,180.34,71.66759446,20.0,6.0
69.0,Male,170.18,61.23496995,8.0,0.0
70.0,Male,175.26,95.2543977,5.0,
72.0,Female,172.72,90.718474,10.0,
47.0,Male,172.72,92.98643585,5.0,
44.0,Female,172.72,72.57477920000001,8.0,
17.0,Female,165.1,54.4310844,3.0,6.0
15.0,Male,182.88,86.1825503,7.0,2.0
25.0,Female,162.56,60.32778521,9.0,1.0
25.0,Male,187.96,83.91458845000001,4.0,1.0
57.0,Female,162.56,77.1107029,12.0,5.0
32.0,Male,180.34,131.5417873,4.0,1.0
27.0,Female,162.56,63.502931800000006,4.0,1.0
1.0,Female,76.2,11.793401620000001,,
81.0,Female,157.48000000000002,81.6466266,4.0,0.0
64.0,Male,187.96,122.4699399,4.0,
63.0,Female,167.64000000000001,63.502931800000006,0.0,
32.0,Male,185.42,99.79032140000001,3.0,
62.0,Male,167.64000000000001,81.6466266,2.0,3.0
64.0,Male,172.72,97.52235955,5.0,10.0
60.0,Female,167.64000000000001,63.502931800000006,5.0,10.0
51.0,Female,172.72,72.57477920000001,5.0,5.0
51.0,Male,182.88,74.84274105,5.0,8.0
18.0,Male,182.88,81.6466266,0.0,8.0
16.0,Male,185.42,58.9670081,3.0,0.0
64.0,Female,162.56,74.84274105,3.0,
40.0,Male,170.18,70.30681735,2.0,6.0
7.0,Male,121.92,22.6796185,2.0,3.0
41.0,Female,165.1,113.3980925,2.0,
50.0,Male,154.94,81.6466266,3.0,2.0
42.0,Female,167.64000000000001,54.4310844,5.0,1.0
14.0,Male,180.34,56.69904625,3.0,1.0
13.0,Female,170.18,49.895160700000005,3.0,1.0
41.0,Male,180.34,74.84274105,10.0,3.0
41.0,Female,162.56,62.142154690000005,5.0,0.0
12.0,Male,160.02,45.359237,8.0,3.0
14.0,Male,175.26,58.9670081,4.0,2.0
48.0,Male,172.72,89.81128926000001,5.0,1.0
19.0,Male,180.34,77.1107029,10.0,5.0
16.0,Female,157.48000000000002,49.895160700000005,5.0,2.0
75.0,Female,167.64000000000001,66.22448602,50.0,0.0
37.0,Male,180.34,83.91458845000001,40.0,
38.0,Female,167.64000000000001,54.4310844,40.0,
15.0,Male,154.94,63.502931800000006,,
13.0,Male,172.72,58.9670081,,
67.0,Male,154.94,83.91458845000001,3.0,
67.0,Female,160.02,77.1107029,3.0,
52.0,Male,175.26,88.45051215000001,5.0,5.0
50.0,Female,180.34,81.6466266,10.0,5.0
24.0,Female,157.48000000000002,99.79032140000001,10.0,10.0
23.0,Male,182.88,104.32624510000001,10.0,10.0
16.0,Female,160.02,68.0388555,10.0,5.0
67.0,Female,157.48000000000002,53.07030729,14.0,7.0
70.0,Male,167.64000000000001,86.1825503,20.0,4.0
50.0,Male,175.26,99.79032140000001,3.0,
50.0,Female,154.94,58.9670081,0.0,
15.0,Male,162.56,49.895160700000005,0.0,
15.0,Male,167.64000000000001,63.502931800000006,2.0,
60.0,Male,182.88,120.20197805000001,5.0,
61.0,Female,170.18,81.6466266,10.0,0.0
67.0,Male,154.94,81.6466266,21.0,0.0
66.0,Female,152.4,56.69904625,15.0,0.0
46.0,Male,200.66,106.59420695,6.0,6.0
12.0,Male,170.18,56.69904625,6.0,4.0
44.0,Female,175.26,74.84274105,4.0,5.0
14.0,Male,195.57999999999998,104.32624510000001,6.0,2.0
33.0,Male,185.42,120.20197805000001,40.0,0.0
33.0,Female,172.72,68.0388555,60.0,0.0
5.0,Female,129.54,27.2155422,40.0,0.0
3.0,Female,121.92,18.143694800000002,40.0,0.0
52.0,Male,170.18,68.0388555,3.0,1.0
51.0,Female,157.48000000000002,86.1825503,2.0,0.0
19.0,Male,175.26,58.9670081,5.0,2.0
87.0,Female,157.48000000000002,63.502931800000006,10.0,0.0
53.0,Male,185.42,77.1107029,10.0,30.0
51.0,Female,175.26,95.2543977,10.0,
57.0,Female,160.02,68.0388555,2.0,
60.0,Male,154.94,108.8621688,2.0,
42.0,Female,167.64000000000001,90.718474,10.0,0.0
42.0,Male,175.26,81.6466266,10.0,20.0
7.0,Female,104.14,24.947580350000003,3.0,3.0
31.0,Unknown,157.48000000000002,90.718474,5.0,0.0
41.0,Male,154.94,127.00586360000001,28.0,7.0
44.0,Female,157.48000000000002,77.1107029,10.0,1.0
12.0,Female,149.86,38.55535145,14.0,2.0
5.0,Male,104.14,19.05087954,42.0,10.0
57.0,Male,182.88,83.91458845000001,20.0,5.0
49.0,Female,154.94,72.57477920000001,30.0,10.0
21.0,Male,175.26,65.77089365,10.0,5.0
44.0,Male,154.94,88.45051215000001,20.0,3.0
42.0,Female,162.56,68.0388555,25.0,0.0
7.0,Male,114.3,18.143694800000002,35.0,2.0
58.0,Male,187.96,111.13013065000001,20.0,
62.0,Female,165.1,58.9670081,10.0,
52.0,Male,187.96,113.3980925,6.0,2.0
51.0,Female,160.02,58.9670081,6.0,4.0
25.0,Male,175.26,77.1107029,3.0,1.0
23.0,Female,165.1,63.502931800000006,10.0,6.0
21.0,Male,175.26,74.84274105,10.0,6.0
65.0,Male,165.1,108.8621688,10.0,5.0
65.0,Female,172.72,117.9340162,7.0,2.0
69.0,Male,198.12,104.77983747,56.0,4.0
66.0,Female,167.64000000000001,68.0388555,56.0,4.0
67.0,Female,175.26,95.2543977,10.0,5.0
71.0,Male,152.4,54.4310844,10.0,5.0
58.0,Male,154.94,104.32624510000001,20.0,
50.0,Female,162.56,58.9670081,20.0,
52.0,Female,167.64000000000001,63.502931800000006,4.0,
52.0,Male,187.96,72.57477920000001,2.0,2.0
18.0,Female,170.18,58.9670081,3.0,2.0
22.0,Female,167.64000000000001,58.9670081,3.0,3.0
44.0,Female,170.18,65.77089365,5.0,0.0
19.0,Female,167.64000000000001,72.57477920000001,3.0,0.0
17.0,Female,170.18,70.30681735,5.0,5.0
14.0,Male,175.26,61.23496995,10.0,6.0
56.0,Male,172.72,77.1107029,3.0,
55.0,Female,170.18,68.0388555,4.0,
66.0,Female,175.26,83.91458845000001,14.0,
42.0,Female,157.48000000000002,51.255937810000006,1.0,0.0
42.0,Male,172.72,68.0388555,1.0,0.0
5.0,Male,104.14,21.772433760000002,12.0,12.0
3.0,Male,91.44,11.793401620000001,12.0,12.0
84.0,Male,167.64000000000001,80.73944186,20.0,0.0
44.0,Male,180.34,99.79032140000001,3.0,0.0
30.0,Female,165.1,61.23496995,7.0,0.0
31.0,Male,175.26,74.84274105,7.0,0.0
1.0,Female,58.42,4.535923700000001,0.0,0.0
46.0,Female,165.1,63.502931800000006,40.0,3.0
14.0,Female,162.56,54.4310844,20.0,10.0
55.0,Male,167.64000000000001,74.84274105,30.0,10.0
29.0,Male,187.96,120.20197805000001,10.0,30.0
76.0,Female,160.02,70.30681735,7.0,
64.0,Male,154.94,72.57477920000001,35.0,5.0
65.0,Female,167.64000000000001,58.9670081,20.0,
76.0,Male,154.94,95.2543977,14.0,5.0
79.0,Female,157.48000000000002,68.0388555,42.0,5.0
74.0,Female,154.94,86.1825503,4.0,
75.0,Male,154.94,90.718474,12.0,6.0
50.0,Male,182.88,95.2543977,5.0,5.0
49.0,Female,172.72,58.9670081,8.0,0.0
21.0,Female,172.72,49.895160700000005,5.0,5.0
1.0,Male,154.94,88.45051215000001,5.0,7.0
74.0,Female,154.94,77.1107029,5.0,0.0
31.0,Female,172.72,122.4699399,14.0,
33.0,Male,187.96,147.41752025,7.0,
3.0,Female,91.44,15.875732950000002,,3.0
58.0,Male,162.56,71.66759446,4.0,
57.0,Female,152.4,56.69904625,5.0,
57.0,Male,180.34,77.1107029,,5.0
55.0,Female,157.48000000000002,58.9670081,,2.0
65.0,Male,172.72,72.57477920000001,4.0,4.0
64.0,Female,157.48000000000002,56.69904625,4.0,4.0
44.0,Male,187.96,91.62565874,40.0,60.0
38.0,Female,182.88,70.76040972,60.0,40.0
20.0,Female,154.94,91.62565874,60.0,40.0
16.0,Female,175.26,65.77089365,2.0,0.0
12.0,Female,157.48000000000002,63.502931800000006,20.0,2.0
3.0,Female,96.52,14.51495584,10.0,0.0
2.0,Male,63.5,12.70058636,10.0,0.0
49.0,Male,154.94,90.718474,,6.0
49.0,Female,160.02,58.9670081,,6.0
28.0,Male,162.56,68.0388555,,3.0
23.0,Male,182.88,90.718474,5.0,10.0
89.0,Female,154.94,65.77089365,5.0,
68.0,Female,165.1,76.20351816,7.0,
68.0,Male,175.26,99.79032140000001,7.0,
61.0,Male,182.88,95.2543977,60.0,5.0
63.0,Female,162.56,95.2543977,55.0,0.0
19.0,Male,182.88,65.77089365,35.0,0.0
17.0,Female,152.4,79.37866475,20.0,0.0
33.0,Male,175.26,74.84274105,30.0,20.0
30.0,Female,165.1,54.4310844,15.0,0.0
75.0,Male,167.64000000000001,62.59574706,4.0,
73.0,Female,160.02,61.23496995,10.0,
41.0,Male,185.42,88.45051215000001,3.0,
40.0,Female,162.56,52.163122550000004,5.0,5.0
15.0,Male,154.94,63.502931800000006,5.0,3.0
13.0,Male,165.1,54.4310844,5.0,3.0
55.0,Female,165.1,67.13167076,,10.0
59.0,Male,154.94,83.91458845000001,,
59.0,Female,170.18,61.23496995,,
29.0,Female,165.1,56.69904625,,
31.0,Female,165.1,99.79032140000001,21.0,5.0
29.0,Male,187.96,108.8621688,40.0,5.0
10.0,Female,152.4,45.81282937,20.0,6.0
6.0,Female,134.62,29.02991168,20.0,5.0
47.0,Male,175.26,83.91458845000001,40.0,16.0
45.0,Female,165.1,90.718474,10.0,2.0
17.0,Male,180.34,63.502931800000006,40.0,16.0
13.0,Male,167.64000000000001,61.23496995,40.0,16.0
55.0,Male,190.5,102.05828325,50.0,
52.0,Male,157.48000000000002,54.4310844,30.0,
48.0,Female,157.48000000000002,79.37866475,10.0,1.0
76.0,Female,170.18,59.874192840000006,5.0,
78.0,Male,187.96,92.98643585,6.0,2.0
74.0,Male,154.94,73.93555631000001,10.0,1.0
85.0,Male,175.26,81.6466266,20.0,0.0
84.0,Female,167.64000000000001,68.0388555,30.0,0.0
29.0,Male,190.5,70.30681735,3.0,1.0
27.0,Female,175.26,74.84274105,6.0,0.0
3.0,Female,96.52,15.875732950000002,2.0,2.0
72.0,Female,172.72,60.32778521,3.0,
60.0,Male,175.26,99.79032140000001,5.0,
57.0,Female,165.1,57.60623099,,
67.0,Female,170.18,81.6466266,30.0,
41.0,Male,180.34,70.30681735,10.0,4.0
40.0,Female,170.18,65.77089365,25.0,1.0
71.0,Female,157.48000000000002,74.84274105,4.0,0.0
74.0,Male,172.72,79.37866475,5.0,0.0
39.0,Female,167.64000000000001,61.23496995,8.0,0.0
73.0,Female,154.94,53.523899660000005,5.0,2.0
70.0,Female,157.48000000000002,39.46253619,35.0,
76.0,Female,170.18,68.0388555,30.0,
66.0,Male,180.34,86.1825503,2.0,
62.0,Female,160.02,65.77089365,1.0,
30.0,Male,185.42,99.79032140000001,8.0,2.0
29.0,Female,154.94,70.30681735,6.0,2.0
2.0,Male,91.44,15.875732950000002,10.0,3.0
70.0,Female,175.26,64.86370891,10.0,
36.0,Male,185.42,106.59420695,10.0,0.0
37.0,Female,167.64000000000001,68.0388555,10.0,0.0
5.0,Female,104.14,18.143694800000002,,
3.0,Male,88.9,13.6077711,,
48.0,Male,182.88,87.08973504000001,7.0,6.0
48.0,Female,160.02,62.142154690000005,5.0,5.0
18.0,Female,165.1,55.33826914,6.0,8.0
15.0,Male,172.72,65.77089365,7.0,8.0
15.0,Female,162.56,48.98797596,7.0,8.0
10.0,Female,152.4,38.55535145,5.0,2.0
64.0,Male,154.94,83.91458845000001,10.0,1.0
59.0,Female,167.64000000000001,65.77089365,5.0,0.0
62.0,Male,172.72,81.6466266,8.0,
60.0,Female,170.18,63.502931800000006,8.0,
72.0,Female,162.56,58.9670081,5.0,1.0
74.0,Male,172.72,83.91458845000001,5.0,8.0
71.0,Male,167.64000000000001,63.502931800000006,5.0,0.0
48.0,Male,185.42,97.52235955,40.0,5.0
49.0,Female,162.56,58.9670081,20.0,
53.0,Male,185.42,84.36818082,15.0,3.0
55.0,Female,167.64000000000001,95.2543977,10.0,
71.0,Male,182.88,78.01788764,30.0,
72.0,Female,172.72,68.0388555,30.0,
72.0,Male,175.26,80.73944186,14.0,0.0
62.0,Male,175.26,88.45051215000001,20.0,10.0
56.0,Female,157.48000000000002,65.77089365,5.0,1.0
20.0,Female,144.78,49.895160700000005,0.0,0.0
38.0,Male,180.34,78.01788764,25.0,0.0
38.0,Female,154.94,48.98797596,10.0,3.0
66.0,Male,187.96,111.13013065000001,60.0,
65.0,Female,165.1,63.502931800000006,40.0,
18.0,Female,160.02,56.69904625,20.0,
64.0,Female,170.18,74.38914868,10.0,
74.0,Female,154.94,54.4310844,10.0,0.0
44.0,Female,172.72,70.30681735,6.0,1.0
59.0,Male,154.94,63.502931800000006,10.0,2.0
60.0,Male,154.94,87.08973504000001,20.0,20.0
59.0,Female,170.18,58.9670081,20.0,8.0
69.0,Female,162.56,65.77089365,14.0,
48.0,Male,182.88,120.20197805000001,10.0,12.0
47.0,Female,165.1,68.0388555,10.0,10.0
19.0,Male,182.88,99.79032140000001,25.0,
14.0,Male,127.0,28.12272694,20.0,
16.0,Male,154.94,81.6466266,20.0,
56.0,Female,160.02,58.9670081,50.0,7.0
55.0,Male,154.94,72.57477920000001,40.0,16.0
67.0,Female,162.56,79.37866475,30.0,4.0
50.0,Male,187.96,104.32624510000001,10.0,2.0
41.0,Female,170.18,90.718474,10.0,6.0
15.0,Male,190.5,111.13013065000001,10.0,10.0
7.0,Female,127.0,27.2155422,2.0,10.0
56.0,Male,185.42,86.1825503,4.0,3.0
50.0,Female,170.18,61.68856232,6.0,3.0
16.0,Female,175.26,74.38914868,4.0,1.0
13.0,Female,165.1,86.1825503,3.0,0.0
55.0,Male,182.88,122.4699399,50.0,1.0
52.0,Female,172.72,68.0388555,80.0,2.0
25.0,Female,175.26,58.9670081,80.0,2.0
60.0,Male,195.57999999999998,106.59420695,7.0,0.0
51.0,Male,185.42,108.8621688,5.0,1.0
52.0,Female,154.94,58.9670081,6.0,6.0
35.0,Male,187.96,81.6466266,15.0,4.0
36.0,Female,172.72,61.23496995,15.0,8.0
8.0,Female,121.92,22.6796185,15.0,10.0
5.0,Male,106.67999999999999,18.143694800000002,15.0,10.0
88.0,Female,160.02,58.05982336,35.0,
78.0,Male,170.18,83.91458845000001,5.0,0.0
73.0,Female,157.48000000000002,65.77089365,2.0,
52.0,Male,152.4,92.98643585,12.0,4.0
42.0,Male,167.64000000000001,133.80974915000002,1.0,0.0
16.0,Female,154.94,54.4310844,1.0,5.0
57.0,Male,185.42,97.97595192,10.0,4.0
53.0,Female,170.18,77.1107029,8.0,3.0
63.0,Female,167.64000000000001,63.04933943,10.0,
59.0,Female,160.02,58.9670081,15.0,5.0
49.0,Male,190.5,95.2543977,20.0,4.0
42.0,Male,182.88,72.57477920000001,18.0,2.0
43.0,Female,167.64000000000001,47.62719885,9.0,6.0
67.0,Female,157.48000000000002,102.05828325,14.0,0.0
74.0,Male,175.26,74.84274105,8.0,
71.0,Female,157.48000000000002,68.0388555,8.0,
29.0,Male,182.88,77.1107029,10.0,
44.0,Male,182.88,86.1825503,20.0,12.0
12.0,Female,160.02,39.46253619,25.0,10.0
46.0,Female,165.1,58.9670081,30.0,7.0
15.0,Male,172.72,56.69904625,15.0,10.0
66.0,Male,154.94,83.46099608,20.0,
65.0,Female,167.64000000000001,76.20351816,15.0,
67.0,Male,180.34,95.2543977,20.0,
36.0,Female,162.56,90.718474,10.0,
69.0,Male,172.72,77.1107029,20.0,5.0
67.0,Female,157.48000000000002,68.0388555,30.0,5.0
70.0,Male,170.18,90.718474,25.0,
62.0,Female,167.64000000000001,86.1825503,12.0,
37.0,Male,175.26,68.0388555,,12.0
51.0,Male,175.26,70.30681735,6.0,
49.0,Female,167.64000000000001,61.23496995,8.0,
16.0,Female,152.4,43.544867520000004,8.0,6.0
75.0,Male,172.72,83.91458845000001,40.0,0.0
49.0,Female,154.94,97.52235955,40.0,0.0
35.0,Male,175.26,68.0388555,40.0,10.0
35.0,Female,170.18,70.30681735,5.0,7.0
8.0,Female,124.46000000000001,19.958064280000002,20.0,4.0
7.0,Male,93.98,20.86524902,15.0,4.0
1.0,Male,63.5,12.24699399,20.0,20.0
46.0,Male,175.26,97.06876718000001,8.0,3.0
44.0,Female,167.64000000000001,96.61517481,10.0,3.0
21.0,Male,187.96,115.21246198,10.0,2.0
18.0,Male,180.34,70.76040972,8.0,5.0
19.0,Male,154.94,72.57477920000001,4.0,5.0
36.0,Female,165.1,104.32624510000001,10.0,2.0
31.0,Male,154.94,65.77089365,8.0,2.0
7.0,Male,93.98,27.2155422,12.0,8.0
4.0,Female,96.52,14.51495584,14.0,2.0
51.0,Male,154.94,86.1825503,20.0,4.0
49.0,Female,170.18,77.1107029,5.0,0.0
24.0,Female,170.18,77.1107029,2.0,0.0
51.0,Male,175.26,115.66605435000001,40.0,20.0
17.0,Male,172.72,86.1825503,30.0,10.0
43.0,Female,175.26,68.0388555,4.0,2.0
39.0,Male,172.72,99.79032140000001,4.0,
52.0,Male,170.18,124.73790175,5.0,0.0
47.0,Female,160.02,83.91458845000001,15.0,1.0
56.0,Male,175.26,65.77089365,10.0,3.0
52.0,Female,167.64000000000001,56.69904625,10.0,
55.0,Male,190.5,106.59420695,4.0,1.0
53.0,Female,170.18,77.1107029,4.0,1.0
17.0,Male,182.88,79.37866475,2.0,2.0
70.0,Male,154.94,90.718474,11.0,6.0
73.0,Male,172.72,81.6466266,21.0,10.0
68.0,Female,157.48000000000002,58.9670081,10.0,
75.0,Female,160.02,63.502931800000006,5.0,1.0
71.0,Male,154.94,81.6466266,5.0,5.0
75.0,Male,154.94,81.6466266,30.0,10.0
69.0,Female,162.56,63.502931800000006,10.0,6.0
53.0,Male,154.94,79.37866475,8.0,2.0
54.0,Female,160.02,54.4310844,8.0,0.0
72.0,Female,170.18,79.37866475,15.0,
61.0,Male,162.56,81.19303423000001,6.0,0.0
59.0,Female,162.56,5.8967008100000005,6.0,0.0
58.0,Male,175.26,83.91458845000001,6.0,0.0
56.0,Female,157.48000000000002,74.84274105,4.0,0.0
53.0,Male,190.5,122.4699399,2.0,3.0
53.0,Female,157.48000000000002,58.05982336,2.0,3.0
35.0,Female,167.64000000000001,63.502931800000006,50.0,0.0
41.0,Male,180.34,99.79032140000001,40.0,6.0
58.0,Male,172.72,90.718474,60.0,5.0
56.0,Female,160.02,63.502931800000006,20.0,16.0
22.0,Male,175.26,68.0388555,30.0,30.0
20.0,Male,172.72,68.0388555,30.0,30.0
39.0,Female,170.18,77.1107029,10.0,3.0
40.0,Male,185.42,92.98643585,5.0,2.0
14.0,Female,172.72,72.57477920000001,5.0,3.0
12.0,Female,162.56,49.895160700000005,5.0,5.0
61.0,Female,162.56,81.6466266,6.0,
59.0,Female,157.48000000000002,61.23496995,4.0,8.0
63.0,Male,172.72,68.0388555,4.0,10.0
66.0,Male,180.34,83.91458845000001,3.0,1.0
61.0,Female,170.18,63.502931800000006,6.0,3.0
40.0,Male,187.96,97.52235955,5.0,1.0
37.0,Female,172.72,68.0388555,10.0,1.0
49.0,Female,165.1,113.3980925,15.0,6.0
46.0,Male,170.18,68.0388555,2.0,3.0
47.0,Female,152.4,81.6466266,4.0,3.0
70.0,Male,170.18,68.0388555,4.0,0.0
62.0,Female,170.18,74.84274105,0.0,0.0
40.0,Female,172.72,68.0388555,8.0,2.0
68.0,Male,180.34,74.84274105,4.0,2.0
69.0,Female,162.56,58.05982336,3.0,0.0
72.0,Male,170.18,63.502931800000006,3.0,
69.0,Female,165.1,86.1825503,4.0,
51.0,Male,154.94,88.45051215000001,5.0,1.0
15.0,Female,124.46000000000001,45.359237,5.0,8.0
81.0,Male,172.72,79.37866475,40.0,
70.0,Female,162.56,58.9670081,2.0,
70.0,Male,175.26,77.1107029,2.0,
63.0,Female,160.02,58.9670081,10.0,
68.0,Male,170.18,81.6466266,5.0,
78.0,Female,167.64000000000001,56.69904625,30.0,
56.0,Male,167.64000000000001,79.37866475,5.0,1.0
62.0,Female,167.64000000000001,63.502931800000006,2.0,5.0
51.0,Male,180.34,90.718474,6.0,6.0
51.0,Female,167.64000000000001,68.0388555,5.0,2.0
19.0,Male,185.42,86.1825503,10.0,10.0
53.0,Male,172.72,92.98643585,8.0,3.0
53.0,Female,157.48000000000002,70.30681735,4.0,0.0
66.0,Male,187.96,122.4699399,30.0,
78.0,Male,182.88,71.21400209000001,7.0,
73.0,Female,167.64000000000001,64.86370891,5.0,
69.0,Male,170.18,85.72895793,20.0,
64.0,Female,167.64000000000001,77.1107029,20.0,
30.0,Male,182.88,81.6466266,12.0,0.0
29.0,Female,167.64000000000001,61.23496995,5.0,0.0
2.0,Female,81.28,13.6077711,20.0,0.0
70.0,Female,170.18,67.13167076,5.0,
67.0,Male,172.72,89.81128926000001,30.0,20.0
65.0,Male,190.5,104.32624510000001,30.0,0.0
66.0,Female,162.56,63.502931800000006,30.0,0.0
32.0,Male,193.04,108.8621688,40.0,8.0
39.0,Female,165.1,58.9670081,10.0,
7.0,Male,124.46000000000001,24.947580350000003,20.0,2.0
2.0,Male,88.9,14.51495584,20.0,2.0
39.0,Male,154.94,83.91458845000001,10.0,
70.0,Male,180.34,99.79032140000001,4.0,
68.0,Female,162.56,92.07925111,4.0,
39.0,Male,182.88,85.72895793,8.0,
66.0,Male,175.26,83.91458845000001,4.0,
66.0,Female,160.02,77.1107029,4.0,
24.0,Male,185.42,113.3980925,2.0,
39.0,Male,182.88,91.17206637000001,1.0,1.0
38.0,Female,167.64000000000001,64.41011654,1.0,
9.0,Female,132.08,26.761949830000002,1.0,
84.0,Male,162.56,77.1107029,10.0,0.0
82.0,Female,165.1,53.97749203,21.0,0.0
67.0,Male,154.94,76.20351816,4.0,
66.0,Female,162.56,61.68856232,3.0,
58.0,Male,180.34,81.6466266,15.0,35.0
60.0,Female,167.64000000000001,68.0388555,20.0,7.0
41.0,Male,182.88,90.718474,6.0,2.0
48.0,Female,162.56,68.0388555,14.0,2.0
11.0,Female,121.92,45.359237,10.0,12.0
9.0,Female,111.75999999999999,40.8233133,10.0,10.0
80.0,Male,170.18,68.0388555,20.0,
31.0,Female,175.26,68.0388555,4.0,0.0
32.0,Male,180.34,90.718474,10.0,1.0
73.0,Male,154.94,65.77089365,8.0,2.0
71.0,Female,165.1,136.077711,4.0,0.0
69.0,Female,157.48000000000002,47.62719885,2.0,2.0
73.0,Male,154.94,92.98643585,2.0,1.0
44.0,Female,142.24,49.895160700000005,1.0,
12.0,Female,154.94,45.81282937,1.0,2.0
77.0,Male,180.34,93.89362059,8.0,
70.0,Female,162.56,90.718474,5.0,
50.0,Male,172.72,68.0388555,8.0,0.0
49.0,Female,167.64000000000001,51.70953018,8.0,0.0
29.0,Male,182.88,79.37866475,6.0,1.0
2.0,Female,91.44,11.793401620000001,15.0,0.0
28.0,Female,160.02,49.895160700000005,10.0,1.0
41.0,Male,187.96,102.05828325,40.0,2.0
42.0,Female,172.72,65.77089365,20.0,
12.0,Male,170.18,47.62719885,5.0,
9.0,Female,152.4,34.47302012,10.0,
69.0,Male,154.94,86.1825503,25.0,4.0
62.0,Female,167.64000000000001,81.6466266,15.0,0.0
79.0,Female,162.56,77.1107029,7.0,3.0
78.0,Male,182.88,81.6466266,40.0,10.0
66.0,Female,167.64000000000001,72.57477920000001,30.0,10.0
73.0,Male,154.94,72.57477920000001,4.0,
56.0,Male,154.94,90.718474,14.0,2.0
55.0,Female,170.18,81.6466266,24.0,8.0
67.0,Female,167.64000000000001,69.39963261,42.0,7.0
73.0,Male,185.42,113.3980925,3.0,
68.0,Female,172.72,81.6466266,,6.0
47.0,Male,172.72,86.63614267,5.0,3.0
8.0,Female,137.16,27.2155422,7.0,3.0
44.0,Female,167.64000000000001,61.23496995,4.0,4.0
6.0,Female,127.0,22.6796185,7.0,3.0
76.0,Male,187.96,90.718474,20.0,
76.0,Female,152.4,65.77089365,20.0,
72.0,Male,172.72,90.718474,28.0,2.0
72.0,Female,162.56,81.6466266,14.0,0.0
57.0,Male,193.04,99.79032140000001,2.0,0.0
16.0,Male,182.88,72.57477920000001,5.0,1.0
2.0,Female,172.72,65.77089365,2.0,10.0
66.0,Male,182.88,92.07925111,9.0,
62.0,Female,162.56,52.163122550000004,3.0,
73.0,Female,165.1,65.77089365,12.0,0.0
75.0,Male,187.96,79.37866475,10.0,
73.0,Female,157.48000000000002,62.59574706,12.0,
69.0,Female,162.56,71.66759446,27.0,0.0
32.0,Male,182.88,108.8621688,17.0,
33.0,Male,198.12,95.2543977,10.0,0.0
30.0,Female,182.88,70.30681735,20.0,3.0
5.0,Female,137.16,24.49398798,40.0,2.0
3.0,Female,106.67999999999999,19.50447191,40.0,2.0
33.0,Male,180.34,92.98643585,10.0,5.0
34.0,Female,165.1,61.23496995,5.0,1.0
5.0,Male,106.67999999999999,18.143694800000002,10.0,1.0
2.0,Male,71.12,11.793401620000001,10.0,1.0
31.0,Male,175.26,74.84274105,5.0,2.0
30.0,Female,167.64000000000001,61.23496995,3.0,1.0
44.0,Male,185.42,79.37866475,3.0,1.0
7.0,Female,129.54,22.6796185,0.0,5.0
36.0,Female,160.02,63.502931800000006,2.0,2.0
9.0,Male,139.7,31.751465900000003,0.0,5.0
3.0,Female,121.92,15.875732950000002,2.0,0.0
64.0,Male,182.88,120.20197805000001,40.0,
63.0,Female,157.48000000000002,61.23496995,30.0,10.0
78.0,Male,154.94,88.45051215000001,15.0,1.0
77.0,Female,165.1,56.69904625,25.0,1.0
48.0,Female,167.64000000000001,58.9670081,28.0,
13.0,Male,165.1,49.895160700000005,14.0,2.0
11.0,Male,162.56,45.359237,14.0,4.0
9.0,Male,152.4,36.287389600000004,14.0,1.0
65.0,Male,185.42,87.08973504000001,5.0,0.0
63.0,Female,167.64000000000001,63.502931800000006,10.0,0.0
79.0,Male,180.34,76.20351816,24.0,
83.0,Female,157.48000000000002,81.6466266,10.0,
76.0,Male,154.94,94.34721296000001,45.0,4.0
72.0,Female,172.72,70.30681735,45.0,1.0
46.0,Male,175.26,65.77089365,4.0,1.0
47.0,Female,162.56,53.97749203,2.0,3.0
44.0,Male,180.34,99.33672903,5.0,
45.0,Male,172.72,76.20351816,4.0,3.0
1.0,Female,60.96,5.4431084400000005,,
42.0,Female,170.18,63.502931800000006,6.0,1.0
2.0,Female,63.5,11.793401620000001,,
86.0,Female,154.94,49.895160700000005,30.0,5.0
35.0,Male,154.94,79.37866475,10.0,2.0
1.0,Male,78.74000000000001,13.6077711,20.0,5.0
32.0,Female,170.18,63.502931800000006,8.0,3.0
1.0,Male,78.74000000000001,13.6077711,20.0,5.0
68.0,Male,175.26,61.23496995,20.0,
56.0,Male,154.94,88.45051215000001,8.0,2.0
55.0,Female,172.72,81.6466266,8.0,
18.0,Male,193.04,99.79032140000001,10.0,1.0
83.0,Male,167.64000000000001,77.1107029,20.0,2.0
57.0,Female,167.64000000000001,79.37866475,14.0,2.0
16.0,Male,182.88,70.30681735,14.0,8.0
86.0,Female,149.86,52.163122550000004,0.0,0.0
75.0,Male,154.94,68.0388555,,40.0
72.0,Female,157.48000000000002,53.523899660000005,,10.0
71.0,Male,180.34,96.16158244,25.0,
67.0,Female,162.56,61.23496995,25.0,
63.0,Female,170.18,81.6466266,5.0,
55.0,Male,182.88,81.6466266,30.0,2.0
53.0,Female,154.94,72.57477920000001,35.0,
54.0,Male,180.34,129.27382545,4.0,0.0
50.0,Female,170.18,8.61825503,30.0,5.0
21.0,Female,170.18,67.58526313,10.0,12.0
76.0,Female,162.56,68.0388555,45.0,20.0
82.0,Male,160.02,72.57477920000001,20.0,15.0
51.0,Male,154.94,83.91458845000001,7.0,3.0
19.0,Male,175.26,74.84274105,20.0,1.0
52.0,Female,162.56,65.77089365,10.0,3.0
21.0,Male,180.34,74.84274105,2.0,0.0
16.0,Female,160.02,54.4310844,5.0,10.0
43.0,Male,172.72,79.37866475,4.0,5.0
17.0,Male,154.94,74.84274105,45.0,4.0
59.0,Male,193.04,81.6466266,3.0,2.0
55.0,Female,167.64000000000001,81.6466266,3.0,0.0
55.0,Male,154.94,74.84274105,2.0,4.0
58.0,Male,195.57999999999998,102.05828325,15.0,8.0
56.0,Female,149.86,63.502931800000006,15.0,1.0
67.0,Male,187.96,88.45051215000001,6.0,
58.0,Male,182.88,90.718474,5.0,
58.0,Female,175.26,113.3980925,40.0,
94.0,Female,167.64000000000001,56.24545388,14.0,
81.0,Female,162.56,74.84274105,,
68.0,Female,154.94,58.9670081,8.0,0.0
67.0,Male,180.34,92.98643585,0.0,
66.0,Male,154.94,88.45051215000001,35.0,0.0
63.0,Female,175.26,74.84274105,25.0,0.0
66.0,Male,180.34,74.84274105,40.0,5.0
68.0,Female,165.1,56.69904625,25.0,0.0
70.0,Male,180.34,73.93555631000001,5.0,2.0
67.0,Female,165.1,58.9670081,5.0,2.0
43.0,Male,167.64000000000001,81.6466266,2.0,3.0
44.0,Female,175.26,68.0388555,3.0,3.0
19.0,Male,185.42,86.1825503,3.0,0.0
16.0,Male,187.96,92.98643585,4.0,10.0
74.0,Male,170.18,72.57477920000001,35.0,
74.0,Female,167.64000000000001,57.152638620000005,25.0,
51.0,Female,167.64000000000001,68.0388555,10.0,10.0
54.0,Male,190.5,95.2543977,55.0,6.0
48.0,Female,175.26,63.502931800000006,35.0,14.0
18.0,Female,180.34,58.9670081,24.0,3.0
15.0,Male,167.64000000000001,49.895160700000005,8.0,16.0
47.0,Male,180.34,88.45051215000001,5.0,5.0
43.0,Female,170.18,56.69904625,5.0,5.0
10.0,Female,139.7,29.48350405,3.0,2.0
43.0,Male,160.02,70.30681735,2.0,4.0
13.0,Female,162.56,49.895160700000005,3.0,
44.0,Female,170.18,59.420600470000004,6.0,
16.0,Female,165.1,57.60623099,18.0,
52.0,Male,187.96,95.2543977,8.0,2.0
52.0,Female,162.56,68.0388555,6.0,2.0
77.0,Male,172.72,74.84274105,14.0,5.0
72.0,Female,160.02,72.57477920000001,21.0,12.0
21.0,Female,157.48000000000002,73.48196394,35.0,3.0
84.0,Female,175.26,56.69904625,70.0,10.0
51.0,Male,182.88,97.52235955,15.0,
83.0,Male,182.88,97.06876718000001,,
81.0,Female,170.18,55.791861510000004,,
67.0,Male,180.34,83.91458845000001,15.0,3.0
66.0,Female,160.02,61.23496995,20.0,3.0
58.0,Male,182.88,78.92507238,10.0,1.0
59.0,Female,167.64000000000001,58.9670081,10.0,1.0
52.0,Male,182.88,77.1107029,20.0,5.0
45.0,Female,162.56,56.69904625,15.0,5.0
9.0,Female,132.08,34.01942775,20.0,10.0
5.0,Female,106.67999999999999,20.41165665,15.0,5.0
52.0,Male,170.18,72.57477920000001,8.0,12.0
74.0,Male,165.1,83.91458845000001,8.0,3.0
72.0,Female,154.94,72.57477920000001,4.0,1.0
56.0,Male,180.34,83.91458845000001,3.0,2.0
55.0,Female,162.56,58.05982336,5.0,
54.0,Male,172.72,90.718474,8.0,0.0
53.0,Female,172.72,95.2543977,8.0,0.0
25.0,Female,165.1,72.57477920000001,12.0,0.0
51.0,Male,182.88,106.59420695,50.0,4.0
48.0,Female,152.4,65.77089365,52.0,6.0
17.0,Female,152.4,54.4310844,60.0,10.0
16.0,Female,154.94,72.57477920000001,60.0,10.0
61.0,Male,172.72,81.6466266,5.0,0.0
55.0,Female,167.64000000000001,70.30681735,4.5,0.0
71.0,Male,172.72,90.718474,0.0,0.0
33.0,Female,172.72,79.37866475,18.0,0.0
37.0,Male,187.96,81.6466266,3.0,0.0
12.0,Female,157.48000000000002,45.359237,12.0,
8.0,Female,121.92,34.01942775,12.0,
64.0,Male,193.04,111.13013065000001,10.0,2.0
58.0,Female,162.56,68.0388555,8.0,2.0
64.0,Female,162.56,53.07030729,,30.0
50.0,Male,190.5,90.718474,12.0,
49.0,Female,162.56,63.502931800000006,8.0,
24.0,Female,165.1,52.163122550000004,3.0,
56.0,Male,187.96,127.00586360000001,2.0,
20.0,Female,172.72,58.9670081,3.0,
70.0,Male,165.1,58.513415730000006,18.0,0.0
69.0,Female,160.02,52.163122550000004,10.0,0.0
50.0,Male,154.94,88.45051215000001,2.0,0.0
77.0,Female,152.4,47.62719885,3.0,
79.0,Male,172.72,68.0388555,50.0,
54.0,Male,162.56,61.68856232,15.0,40.0
29.0,Male,180.34,90.718474,20.0,10.0
30.0,Female,162.56,58.9670081,20.0,5.0
1.0,Male,78.74000000000001,13.6077711,10.0,
77.0,Female,162.56,74.84274105,84.0,7.0
61.0,Male,154.94,99.79032140000001,20.0,
80.0,Female,149.86,58.9670081,2.0,0.0
58.0,Male,187.96,83.91458845000001,20.0,
72.0,Male,180.34,108.8621688,8.0,0.0
70.0,Female,162.56,108.8621688,5.0,0.0
58.0,Female,175.26,90.718474,10.0,3.0
77.0,Male,154.94,76.20351816,3.0,
75.0,Female,157.48000000000002,77.1107029,3.0,
35.0,Male,180.34,72.57477920000001,10.0,2.0
34.0,Female,167.64000000000001,54.4310844,5.0,0.0
4.0,Female,104.14,17.69010243,10.0,0.0
62.0,Male,175.26,83.91458845000001,20.0,0.0
1.0,Female,53.34,9.52543977,0.0,0.0
62.0,Female,157.48000000000002,56.69904625,20.0,0.0
46.0,Female,160.02,72.57477920000001,30.0,1.0
17.0,Female,160.02,54.4310844,30.0,22.0
46.0,Male,182.88,79.37866475,30.0,4.0
19.0,Male,180.34,86.1825503,30.0,42.0
41.0,Male,182.88,81.6466266,6.0,10.0
15.0,Female,167.64000000000001,65.77089365,4.0,4.0
13.0,Female,162.56,52.163122550000004,10.0,10.0
83.0,Male,185.42,97.52235955,3.0,
49.0,Female,167.64000000000001,61.23496995,50.0,5.0
15.0,Male,162.56,43.09127515,24.0,
64.0,Female,162.56,71.66759446,12.0,0.0
67.0,Female,160.02,79.37866475,5.0,
65.0,Male,182.88,81.19303423000001,5.0,
61.0,Male,170.18,83.91458845000001,6.0,4.0
60.0,Female,165.1,63.502931800000006,6.0,4.0
27.0,Male,154.94,86.1825503,4.0,2.0
35.0,Female,160.02,53.07030729,20.0,0.0
52.0,Male,190.5,83.91458845000001,20.0,12.0
53.0,Female,165.1,63.502931800000006,10.0,7.0
24.0,Female,170.18,68.0388555,10.0,6.0
21.0,Male,190.5,88.45051215000001,3.0,2.0
78.0,Female,165.1,61.68856232,36.0,
33.0,Male,182.88,83.91458845000001,50.0,
31.0,Female,170.18,61.23496995,60.0,
75.0,Male,180.34,99.79032140000001,10.0,0.0
70.0,Female,154.94,69.39963261,15.0,0.0
61.0,Female,167.64000000000001,68.0388555,7.0,
74.0,Female,152.4,54.4310844,5.0,
78.0,Male,154.94,83.91458845000001,50.0,
67.0,Female,157.48000000000002,70.30681735,60.0,5.0
81.0,Male,170.18,78.47148001000001,20.0,2.0
43.0,Female,172.72,65.77089365,14.0,8.0
56.0,Male,170.18,77.1107029,35.0,3.0
5.0,Female,106.67999999999999,19.05087954,30.0,
7.0,Male,127.0,23.586803240000002,20.0,
68.0,Female,165.1,82.55381134000001,21.0,3.0
62.0,Male,182.88,87.99691978,12.0,
77.0,Male,182.88,96.16158244,15.0,
75.0,Female,160.02,58.9670081,15.0,
62.0,Male,182.88,113.3980925,8.0,3.0
50.0,Female,170.18,63.502931800000006,10.0,2.0
66.0,Female,162.56,70.30681735,10.0,2.0
55.0,Male,182.88,88.45051215000001,2.0,3.0
72.0,Male,172.72,72.57477920000001,,
72.0,Female,167.64000000000001,89.81128926000001,,
40.0,Male,185.42,72.57477920000001,,
60.0,Female,167.64000000000001,61.23496995,22.0,30.0
66.0,Male,167.64000000000001,122.4699399,2.0,
68.0,Female,172.72,104.32624510000001,2.0,
71.0,Male,167.64000000000001,74.84274105,22.0,
67.0,Female,162.56,54.4310844,16.0,
65.0,Male,154.94,102.05828325,10.0,
65.0,Female,165.1,64.41011654,6.0,
89.0,Male,154.94,68.0388555,,
82.0,Male,154.94,82.55381134000001,20.0,
77.0,Female,165.1,81.6466266,20.0,
37.0,Female,157.48000000000002,52.61671492,4.0,0.0
70.0,Male,185.42,124.73790175,30.0,10.0
70.0,Male,157.48000000000002,52.163122550000004,30.0,
73.0,Female,157.48000000000002,57.152638620000005,20.0,
76.0,Male,167.64000000000001,67.58526313,40.0,
40.0,Male,167.64000000000001,83.00740371,,
82.0,Male,180.34,86.1825503,0.0,0.0
81.0,Female,152.4,56.69904625,7.0,0.0
58.0,Female,167.64000000000001,81.6466266,14.0,1.0
41.0,Female,165.1,56.69904625,4.0,3.0
31.0,Male,185.42,90.718474,8.0,3.0
30.0,Female,167.64000000000001,63.502931800000006,3.0,0.0
2.0,Male,63.5,14.06136347,5.0,0.0
1.0,Male,71.12,9.979032140000001,0.0,0.0
63.0,Female,167.64000000000001,77.1107029,5.0,
63.0,Male,154.94,81.6466266,25.0,
82.0,Male,182.88,99.79032140000001,2.0,2.0
82.0,Female,165.1,58.9670081,2.0,2.0
72.0,Male,154.94,81.6466266,,21.0
69.0,Female,167.64000000000001,79.37866475,10.0,
55.0,Male,187.96,108.8621688,5.0,
16.0,Female,175.26,95.2543977,5.0,1.0
56.0,Female,175.26,99.79032140000001,5.0,
22.0,Male,190.5,127.00586360000001,5.0,
60.0,Male,182.88,90.718474,,6.0
59.0,Female,175.26,77.1107029,,6.0
71.0,Female,152.4,40.8233133,3.0,0.0
70.0,Female,165.1,77.1107029,2.0,
32.0,Male,180.34,81.6466266,6.0,0.0
30.0,Female,167.64000000000001,74.84274105,4.0,0.0
3.0,Male,127.0,20.86524902,6.0,0.0
0.0,Male,43.18,41.276905670000005,,
42.0,Male,172.72,72.57477920000001,1.0,2.0
40.0,Female,162.56,72.57477920000001,10.0,3.0
10.0,Male,139.7,27.2155422,10.0,5.0
7.0,Male,127.0,22.6796185,10.0,5.0
53.0,Female,157.48000000000002,61.23496995,21.0,0.0
67.0,Male,165.1,80.28584949,14.0,0.0
49.0,Male,154.94,86.1825503,20.0,1.0
56.0,Female,162.56,81.6466266,5.0,
23.0,Female,165.1,63.502931800000006,5.0,
19.0,Male,182.88,72.57477920000001,10.0,5.0
60.0,Male,162.56,72.57477920000001,10.0,
58.0,Female,167.64000000000001,104.32624510000001,4.0,0.0
26.0,Female,152.4,45.359237,6.0,3.0
78.0,Male,175.26,90.718474,3.0,
69.0,Female,170.18,79.37866475,4.0,
76.0,Male,167.64000000000001,64.41011654,14.0,8.0
76.0,Female,160.02,74.84274105,14.0,
3.0,Female,93.98,14.51495584,,
1.0,Male,73.66,9.071847400000001,10.0,0.0
32.0,Female,154.94,51.70953018,35.0,14.0
33.0,Male,180.34,88.45051215000001,10.0,14.0
31.0,Male,175.26,72.57477920000001,15.0,0.0
32.0,Female,162.56,56.69904625,10.0,0.0
55.0,Female,157.48000000000002,104.32624510000001,7.0,
52.0,Female,170.18,81.6466266,15.0,
70.0,Male,162.56,49.895160700000005,,7.0
53.0,Male,195.57999999999998,86.1825503,3.0,
52.0,Female,167.64000000000001,72.57477920000001,3.0,0.0
55.0,Male,172.72,86.1825503,3.0,0.0
65.0,Female,165.1,62.59574706,64.0,4.0
65.0,Male,172.72,79.37866475,,
71.0,Male,154.94,81.6466266,2.0,
60.0,Female,172.72,90.718474,2.0,
74.0,Female,157.48000000000002,95.2543977,15.0,
77.0,Male,172.72,77.1107029,40.0,
73.0,Female,160.02,68.0388555,10.0,
12.0,Male,157.48000000000002,40.8233133,5.0,2.0
10.0,Male,144.78,32.658650640000005,5.0,2.0
79.0,Male,180.34,90.718474,21.0,
78.0,Female,175.26,76.20351816,18.0,
71.0,Male,182.88,81.6466266,6.0,
69.0,Female,154.94,72.57477920000001,3.0,
62.0,Male,175.26,90.718474,15.0,1.0
61.0,Female,162.56,45.359237,20.0,1.0
68.0,Male,190.5,83.46099608,10.0,
64.0,Female,172.72,73.93555631000001,20.0,
44.0,Male,187.96,95.2543977,6.0,1.0
40.0,Female,154.94,72.57477920000001,14.0,3.0
12.0,Female,154.94,34.01942775,6.0,1.0
7.0,Male,127.0,24.947580350000003,4.0,
9.0,Male,152.4,49.895160700000005,5.0,2.0
35.0,Male,165.1,58.9670081,5.0,0.0
7.0,Female,121.92,22.6796185,10.0,10.0
35.0,Female,165.1,52.163122550000004,7.0,2.0
9.0,Male,137.16,27.2155422,10.0,10.0
4.0,Male,111.75999999999999,20.41165665,10.0,10.0
78.0,Male,175.26,94.34721296000001,36.0,5.0
65.0,Female,167.64000000000001,79.37866475,4.0,
85.0,Female,170.18,74.84274105,25.0,0.0
82.0,Male,180.34,90.718474,30.0,0.0
72.0,Male,154.94,88.45051215000001,20.0,0.0
67.0,Female,152.4,61.23496995,30.0,0.0
80.0,Male,154.94,108.8621688,1.0,
40.0,Male,172.72,72.57477920000001,7.0,3.0
7.0,Female,121.92,22.6796185,20.0,1.0
41.0,Female,162.56,58.9670081,14.0,0.0
9.0,Female,142.24,29.48350405,20.0,1.0
52.0,Male,187.96,90.718474,7.0,
54.0,Female,165.1,63.502931800000006,10.0,
16.0,Male,180.34,68.0388555,14.0,
83.0,Male,175.26,84.82177319,30.0,
48.0,Male,180.34,77.1107029,7.0,7.0
81.0,Male,167.64000000000001,77.1107029,10.0,
42.0,Male,190.5,99.79032140000001,12.0,3.0
41.0,Female,172.72,77.1107029,14.0,0.0
4.0,Male,106.67999999999999,19.05087954,7.0,0.0
0.0,Female,81.28,10.886216880000001,5.0,0.0
51.0,Male,172.72,81.6466266,40.0,6.0
51.0,Female,162.56,63.502931800000006,40.0,10.0
27.0,Female,167.64000000000001,58.9670081,30.0,0.0
56.0,Male,167.64000000000001,58.9670081,,2.0
18.0,Male,172.72,61.23496995,,2.0
55.0,Female,157.48000000000002,77.1107029,2.0,
22.0,Male,154.94,68.0388555,,2.0
64.0,Female,157.48000000000002,52.61671492,6.0,
60.0,Male,182.88,81.6466266,,
29.0,Male,182.88,77.1107029,50.0,20.0
29.0,Female,172.72,58.9670081,10.0,5.0
51.0,Male,182.88,99.79032140000001,,6.0
47.0,Female,160.02,72.57477920000001,1.0,
24.0,Female,154.94,63.502931800000006,2.0,
19.0,Female,157.48000000000002,49.895160700000005,1.0,
22.0,Female,165.1,49.895160700000005,,6.0
54.0,Male,172.72,88.45051215000001,,7.0
19.0,Male,185.42,74.84274105,,7.0
52.0,Female,152.4,54.4310844,,7.0
22.0,Female,154.94,68.0388555,2.0,
50.0,Male,180.34,99.79032140000001,4.0,1.0
58.0,Female,172.72,74.84274105,30.0,0.0
53.0,Male,187.96,90.718474,4.0,1.0
53.0,Female,167.64000000000001,58.05982336,4.0,
52.0,Male,182.88,88.45051215000001,14.0,28.0
45.0,Female,167.64000000000001,72.57477920000001,12.0,
13.0,Male,175.26,85.72895793,8.0,8.0
12.0,Male,162.56,59.874192840000006,8.0,6.0
6.0,Female,121.92,20.41165665,,
77.0,Male,180.34,97.52235955,30.0,10.0
60.0,Male,190.5,95.2543977,48.0,21.0
55.0,Female,152.4,74.84274105,4.0,1.0
54.0,Male,182.88,89.35769689,4.0,3.0
54.0,Female,165.1,56.69904625,3.0,
33.0,Female,165.1,61.23496995,12.0,6.0
39.0,Male,154.94,86.1825503,7.0,2.0
5.0,Female,99.06,22.6796185,21.0,14.0
2.0,Female,81.28,14.968548210000002,14.0,14.0
62.0,Male,180.34,113.3980925,4.0,
59.0,Female,167.64000000000001,72.57477920000001,5.0,
59.0,Male,154.94,54.4310844,6.0,4.0
50.0,Female,154.94,81.6466266,30.0,12.0
26.0,Male,187.96,86.1825503,30.0,6.0
24.0,Female,170.18,58.9670081,4.0,4.0
21.0,Female,172.72,68.0388555,20.0,6.0
19.0,Female,182.88,86.1825503,20.0,4.0
59.0,Male,154.94,95.2543977,6.0,2.0
57.0,Female,165.1,58.9670081,3.0,1.0
33.0,Male,180.34,85.27536556,40.0,2.0
46.0,Male,182.88,86.1825503,30.0,3.0
50.0,Female,157.48000000000002,56.69904625,30.0,1.0
57.0,Male,175.26,104.32624510000001,4.0,5.0
54.0,Female,167.64000000000001,56.24545388,5.0,5.0
41.0,Female,165.1,72.57477920000001,3.0,0.0
5.0,Female,106.67999999999999,20.41165665,6.0,2.0
2.0,Female,76.2,11.33980925,4.0,1.0
52.0,Male,167.64000000000001,79.37866475,6.0,1.0
55.0,Male,175.26,81.6466266,10.0,
57.0,Female,170.18,86.1825503,10.0,
24.0,Male,175.26,95.2543977,10.0,
22.0,Male,180.34,77.1107029,10.0,
57.0,Male,170.18,81.6466266,18.0,0.0
52.0,Female,165.1,74.84274105,7.0,0.0
19.0,Female,165.1,56.69904625,2.0,0.0
13.0,Female,160.02,52.163122550000004,5.0,0.0
44.0,Female,162.56,58.9670081,4.0,2.0
17.0,Male,154.94,77.1107029,2.0,1.0
11.0,Male,149.86,40.8233133,6.0,3.0
43.0,Male,182.88,77.1107029,4.0,2.0
53.0,Male,154.94,92.07925111,45.0,1.0
57.0,Male,154.94,120.20197805000001,4.0,2.0
54.0,Female,167.64000000000001,92.98643585,3.0,1.0
23.0,Female,170.18,72.57477920000001,10.0,10.0
27.0,Male,170.18,72.57477920000001,10.0,10.0
85.0,Male,180.34,85.27536556,13.0,2.0
82.0,Male,180.34,77.1107029,20.0,
50.0,Male,182.88,79.37866475,20.0,
74.0,Male,170.18,78.92507238,20.0,
69.0,Female,165.1,58.9670081,15.0,
26.0,Female,167.64000000000001,68.0388555,20.0,2.0
27.0,Male,180.34,74.84274105,10.0,2.0
36.0,Male,190.5,92.98643585,5.0,1.0
43.0,Female,180.34,77.1107029,2.0,0.0
39.0,Male,182.88,88.45051215000001,21.0,7.0
2.0,Female,91.44,13.6077711,21.0,21.0
34.0,Female,165.1,54.4310844,21.0,7.0
5.0,Female,106.67999999999999,18.143694800000002,21.0,21.0
56.0,Male,185.42,99.79032140000001,30.0,10.0
56.0,Female,162.56,72.57477920000001,15.0,5.0
63.0,Male,180.34,77.1107029,10.0,1.0
67.0,Male,180.34,81.6466266,,
64.0,Female,157.48000000000002,52.163122550000004,,
55.0,Male,154.94,97.52235955,2.0,1.0
51.0,Female,165.1,90.718474,7.0,4.0
52.0,Male,154.94,90.718474,25.0,0.0
60.0,Male,154.94,76.20351816,10.0,
53.0,Female,162.56,49.895160700000005,12.0,
14.0,Female,165.1,63.502931800000006,8.0,
53.0,Female,167.64000000000001,90.718474,20.0,3.0
52.0,Male,190.5,99.79032140000001,4.0,5.0
15.0,Male,187.96,99.79032140000001,10.0,3.0
55.0,Female,172.72,58.9670081,35.0,
60.0,Male,172.72,90.718474,7.0,
71.0,Female,149.86,63.502931800000006,15.0,1.0
47.0,Female,170.18,90.718474,10.0,1.0
61.0,Male,185.42,104.32624510000001,20.0,20.0
59.0,Female,162.56,81.6466266,40.0,
72.0,Male,170.18,90.718474,5.0,5.0
68.0,Female,162.56,52.163122550000004,7.0,2.0
69.0,Male,175.26,76.20351816,30.0,
64.0,Female,167.64000000000001,58.9670081,30.0,
45.0,Male,175.26,79.37866475,5.0,0.0
63.0,Male,154.94,81.6466266,5.0,3.0
59.0,Female,162.56,72.57477920000001,5.0,3.0
23.0,Male,175.26,61.23496995,1.0,4.0
23.0,Male,175.26,72.57477920000001,4.0,1.0
45.0,Male,187.96,95.2543977,2.0,2.0
45.0,Female,167.64000000000001,58.9670081,3.0,0.0
13.0,Female,170.18,54.4310844,1.0,2.0
7.0,Male,137.16,24.947580350000003,3.0,2.0
11.0,Male,152.4,47.62719885,4.0,2.0
39.0,Male,154.94,81.6466266,10.0,10.0
38.0,Female,157.48000000000002,56.69904625,10.0,2.0
49.0,Male,190.5,90.718474,1.0,2.0
45.0,Female,160.02,57.152638620000005,2.0,2.0
14.0,Female,162.56,47.62719885,6.0,3.0
10.0,Male,154.94,38.55535145,6.0,3.0
12.0,Female,152.4,40.8233133,6.0,3.0
69.0,Male,167.64000000000001,70.30681735,20.0,10.0
69.0,Female,167.64000000000001,70.30681735,25.0,6.0
42.0,Male,182.88,81.6466266,0.0,4.0
39.0,Female,157.48000000000002,58.9670081,,3.0
47.0,Male,152.4,92.98643585,5.0,1.0
67.0,Male,154.94,75.74992579,28.0,6.0
61.0,Female,172.72,58.9670081,28.0,5.0
83.0,Male,175.26,86.1825503,7.0,
83.0,Female,157.48000000000002,65.77089365,7.0,
65.0,Male,175.26,97.52235955,20.0,
65.0,Female,162.56,50.80234544,20.0,
35.0,Male,154.94,74.84274105,5.0,
35.0,Female,165.1,61.23496995,5.0,
54.0,Female,160.02,46.266421740000006,10.0,
84.0,Male,167.64000000000001,77.1107029,15.0,
82.0,Female,162.56,54.4310844,25.0,
41.0,Female,167.64000000000001,67.13167076,14.0,
41.0,Male,172.72,68.0388555,14.0,2.0
8.0,Male,129.54,24.947580350000003,,14.0
66.0,Male,172.72,77.1107029,10.0,
32.0,Male,170.18,61.68856232,5.0,1.0
36.0,Male,154.94,81.6466266,3.0,4.0
37.0,Female,157.48000000000002,54.4310844,3.0,1.0
3.0,Male,93.98,14.968548210000002,5.0,2.0
1.0,Female,66.04,9.52543977,5.0,2.0
65.0,Male,154.94,94.34721296000001,30.0,0.0
64.0,Female,162.56,99.79032140000001,50.0,0.0
81.0,Female,165.1,63.502931800000006,,
80.0,Male,154.94,78.01788764,,
70.0,Male,170.18,61.23496995,10.0,3.0
68.0,Female,172.72,65.77089365,15.0,3.0
58.0,Male,154.94,86.1825503,6.0,3.0
75.0,Male,154.94,81.6466266,15.0,0.0
54.0,Female,172.72,74.84274105,15.0,0.0
72.0,Male,172.72,74.84274105,40.0,5.0
71.0,Female,175.26,72.57477920000001,40.0,3.0
77.0,Male,170.18,88.45051215000001,6.0,
69.0,Female,157.48000000000002,58.9670081,4.0,
61.0,Male,182.88,145.14955840000002,5.0,1.0
60.0,Female,172.72,81.6466266,5.0,
49.0,Male,180.34,108.8621688,10.0,0.0
48.0,Female,162.56,72.57477920000001,10.0,0.0
19.0,Female,167.64000000000001,72.57477920000001,6.0,0.0
19.0,Male,182.88,95.2543977,20.0,0.0
51.0,Female,160.02,62.142154690000005,55.0,
72.0,Female,129.54,72.57477920000001,6.0,3.0
75.0,Male,154.94,93.44002822,6.0,0.0
64.0,Female,149.86,77.1107029,8.0,0.0
60.0,Male,200.66,127.00586360000001,20.0,2.0
36.0,Female,170.18,74.84274105,3.0,0.0
36.0,Male,185.42,83.91458845000001,5.0,10.0
63.0,Male,182.88,111.13013065000001,12.0,
65.0,Female,172.72,70.30681735,22.0,
65.0,Male,187.96,83.91458845000001,20.0,
34.0,Male,154.94,81.6466266,10.0,2.0
2.0,Female,91.44,11.33980925,35.0,
4.0,Male,106.67999999999999,19.958064280000002,35.0,
36.0,Female,167.64000000000001,58.05982336,25.0,3.0
36.0,Male,170.18,61.23496995,8.0,3.0
5.0,Female,121.92,15.875732950000002,18.0,
2.0,Female,91.44,13.6077711,20.0,
29.0,Female,154.94,68.0388555,25.0,0.0
29.0,Male,182.88,81.6466266,17.0,0.0
3.0,Male,96.52,16.329325320000002,25.0,0.0
1.0,Female,76.2,13.6077711,25.0,0.0
43.0,Female,167.64000000000001,67.13167076,7.0,2.0
34.0,Male,190.5,90.718474,5.0,2.0
19.0,Male,187.96,72.57477920000001,7.0,
13.0,Male,175.26,68.0388555,5.0,
15.0,Male,167.64000000000001,58.9670081,7.0,4.0
53.0,Female,157.48000000000002,65.77089365,14.0,7.0
53.0,Female,157.48000000000002,68.0388555,5.0,0.0
42.0,Female,172.72,61.23496995,5.0,2.0
27.0,Female,170.18,61.23496995,1.0,1.0
52.0,Female,162.56,54.4310844,26.0,2.0
56.0,Male,172.72,82.55381134000001,20.0,2.0
59.0,Male,187.96,104.32624510000001,5.0,0.0
56.0,Female,167.64000000000001,68.0388555,5.0,0.0
48.0,Male,182.88,108.8621688,4.0,0.0
53.0,Female,165.1,97.52235955,8.0,5.0
19.0,Male,154.94,104.32624510000001,4.0,0.0
44.0,Male,175.26,86.1825503,4.0,1.0
43.0,Female,167.64000000000001,65.77089365,4.0,0.0
11.0,Female,124.46000000000001,38.55535145,7.0,1.0
7.0,Female,106.67999999999999,18.143694800000002,7.0,1.0
48.0,Female,165.1,127.00586360000001,5.0,2.0
50.0,Male,193.04,113.3980925,5.0,2.0
8.0,Male,91.44,27.2155422,,
77.0,Male,175.26,88.90410452,20.0,5.0
74.0,Female,162.56,70.30681735,10.0,5.0
24.0,Female,154.94,63.502931800000006,8.0,
26.0,Male,182.88,104.32624510000001,13.0,1.0
36.0,Female,172.72,70.30681735,10.0,10.0
37.0,Male,187.96,97.52235955,10.0,10.0
52.0,Male,180.34,79.37866475,5.0,3.0
50.0,Female,167.64000000000001,77.1107029,2.0,0.0
16.0,Male,180.34,95.2543977,3.0,3.0
13.0,Female,167.64000000000001,49.895160700000005,4.0,4.0
100.0,Female,154.94,53.523899660000005,,
73.0,Female,170.18,65.77089365,10.0,
78.0,Male,154.94,83.91458845000001,4.0,0.0
52.0,Male,180.34,136.077711,5.0,
52.0,Female,165.1,79.37866475,5.0,
18.0,Female,167.64000000000001,74.84274105,5.0,
43.0,Male,193.04,95.2543977,,3.0
43.0,Female,180.34,61.23496995,,2.0
10.0,Male,152.4,36.287389600000004,3.0,3.0
5.0,Female,121.92,24.947580350000003,2.0,
7.0,Male,127.0,27.2155422,3.0,
57.0,Male,172.72,68.0388555,10.0,10.0
58.0,Female,165.1,95.2543977,14.0,3.0
60.0,Female,165.1,68.0388555,,7.0
28.0,Female,165.1,58.9670081,,10.0
57.0,Male,170.18,79.37866475,4.0,2.0
52.0,Female,157.48000000000002,52.163122550000004,4.0,2.0
71.0,Male,182.88,70.30681735,30.0,15.0
68.0,Female,167.64000000000001,54.4310844,35.0,20.0
40.0,Female,167.64000000000001,72.57477920000001,3.0,
46.0,Male,187.96,92.07925111,3.0,
10.0,Male,152.4,45.359237,3.0,4.0
5.0,Male,129.54,22.6796185,3.0,4.0
8.0,Male,137.16,40.8233133,3.0,4.0
86.0,Female,154.94,61.23496995,28.0,2.0
76.0,Male,182.88,86.1825503,6.0,
76.0,Female,165.1,72.57477920000001,6.0,
77.0,Male,175.26,61.23496995,7.0,
68.0,Female,157.48000000000002,58.05982336,5.0,
35.0,Female,170.18,61.23496995,5.0,0.0
4.0,Female,91.44,19.50447191,15.0,0.0
37.0,Male,193.04,95.2543977,5.0,0.0
6.0,Male,121.92,23.586803240000002,15.0,0.0
72.0,Male,185.42,90.718474,2.0,
66.0,Female,162.56,68.0388555,4.0,
40.0,Male,182.88,117.9340162,14.0,7.0
83.0,Male,154.94,90.718474,,6.0
43.0,Male,154.94,77.1107029,48.0,48.0
33.0,Female,165.1,63.502931800000006,5.0,
6.0,Female,121.92,23.586803240000002,10.0,10.0
5.0,Male,104.14,21.772433760000002,10.0,10.0
33.0,Male,182.88,75.74992579,10.0,15.0
69.0,Male,162.56,81.6466266,10.0,0.0
54.0,Female,170.18,77.1107029,19.0,4.0
56.0,Male,185.42,79.37866475,15.0,4.0
55.0,Male,154.94,72.57477920000001,10.0,8.0
50.0,Female,172.72,63.502931800000006,4.0,2.0
33.0,Male,182.88,99.79032140000001,10.0,5.0
33.0,Female,162.56,68.0388555,10.0,0.0
53.0,Female,162.56,61.23496995,4.0,0.0
28.0,Male,170.18,63.502931800000006,2.0,0.0
25.0,Male,187.96,86.1825503,2.0,0.0
50.0,Female,157.48000000000002,77.1107029,8.0,2.0
67.0,Male,175.26,72.57477920000001,20.0,0.0
72.0,Female,175.26,72.57477920000001,25.0,0.0
77.0,Female,165.1,72.57477920000001,10.0,
76.0,Female,170.18,74.84274105,10.0,0.0
70.0,Male,180.34,82.55381134000001,5.0,0.0
66.0,Female,167.64000000000001,65.77089365,5.0,0.0
47.0,Male,154.94,113.3980925,1.0,3.0
50.0,Female,170.18,70.30681735,3.0,0.0
66.0,Male,172.72,65.77089365,14.0,
64.0,Female,167.64000000000001,58.9670081,14.0,0.0
59.0,Male,154.94,68.0388555,20.0,10.0
60.0,Male,187.96,81.6466266,5.0,1.0
59.0,Female,162.56,56.69904625,20.0,6.0
66.0,Male,172.72,77.1107029,40.0,8.0
44.0,Male,154.94,80.73944186,2.0,7.0
9.0,Female,137.16,40.8233133,,
43.0,Female,160.02,58.9670081,7.0,1.0
13.0,Male,152.4,45.359237,,3.0
58.0,Male,187.96,92.98643585,10.0,2.0
57.0,Female,154.94,68.0388555,6.0,0.0
27.0,Male,187.96,102.05828325,12.0,2.0
70.0,Male,180.34,81.6466266,8.0,
59.0,Female,182.88,83.91458845000001,10.0,2.0
58.0,Female,170.18,68.0388555,10.0,5.0
21.0,Female,175.26,58.9670081,5.0,5.0
51.0,Male,172.72,122.4699399,4.0,2.0
53.0,Female,160.02,58.9670081,1.0,0.0
52.0,Male,187.96,92.98643585,2.0,1.0
44.0,Female,180.34,72.57477920000001,2.0,0.0
19.0,Female,180.34,72.57477920000001,2.0,0.0
16.0,Male,180.34,63.502931800000006,2.0,0.0
61.0,Male,193.04,80.73944186,40.0,7.0
82.0,Male,172.72,62.142154690000005,10.0,
76.0,Female,160.02,54.4310844,20.0,10.0
35.0,Male,175.26,65.77089365,5.0,10.0
52.0,Male,180.34,81.6466266,14.0,
48.0,Female,175.26,63.502931800000006,14.0,
21.0,Male,154.94,65.77089365,14.0,5.0
14.0,Male,165.1,56.69904625,14.0,5.0
18.0,Female,172.72,63.502931800000006,14.0,7.0
12.0,Male,160.02,61.23496995,14.0,
38.0,Female,162.56,68.0388555,17.0,3.0
7.0,Male,106.67999999999999,22.22602613,12.0,0.0
7.0,Female,109.22,21.772433760000002,12.0,0.0
35.0,Male,154.94,68.0388555,20.0,4.0
34.0,Female,167.64000000000001,61.23496995,22.0,
23.0,Male,195.57999999999998,95.2543977,40.0,0.0
62.0,Male,180.34,77.1107029,20.0,20.0
74.0,Male,170.18,108.8621688,15.0,
74.0,Female,160.02,81.6466266,10.0,
53.0,Male,180.34,98.42954429000001,3.0,
50.0,Female,154.94,72.57477920000001,4.0,
29.0,Male,154.94,74.84274105,20.0,6.0
29.0,Female,175.26,56.69904625,15.0,0.0
53.0,Female,167.64000000000001,104.32624510000001,4.0,3.0
19.0,Female,160.02,81.6466266,5.0,4.0
66.0,Male,185.42,99.79032140000001,25.0,10.0
65.0,Female,175.26,61.23496995,25.0,10.0
63.0,Male,182.88,82.55381134000001,3.0,1.0
71.0,Female,157.48000000000002,77.1107029,21.0,
16.0,Female,170.18,68.0388555,6.0,8.0
53.0,Male,154.94,79.37866475,8.0,2.0
51.0,Male,154.94,86.1825503,5.0,1.0
46.0,Female,157.48000000000002,47.62719885,4.0,0.0
16.0,Male,154.94,74.84274105,5.0,15.0
11.0,Male,152.4,49.895160700000005,5.0,5.0
13.0,Male,162.56,58.9670081,5.0,5.0
63.0,Male,172.72,104.32624510000001,5.0,
64.0,Female,162.56,46.266421740000006,1.0,
65.0,Male,193.04,83.91458845000001,7.0,
61.0,Female,172.72,65.77089365,6.0,
77.0,Male,175.26,86.1825503,60.0,
72.0,Female,167.64000000000001,69.39963261,50.0,
47.0,Male,172.72,69.39963261,4.0,0.0
69.0,Male,190.5,81.6466266,5.0,
69.0,Female,160.02,68.0388555,6.0,
85.0,Male,157.48000000000002,81.6466266,5.0,
81.0,Female,152.4,76.20351816,20.0,
49.0,Male,172.72,67.13167076,5.0,25.0
56.0,Male,182.88,79.37866475,,
45.0,Male,182.88,74.84274105,19.0,5.0
43.0,Female,180.34,70.30681735,15.0,3.0
5.0,Female,104.14,20.86524902,14.0,7.0
3.0,Male,101.6,15.875732950000002,14.0,6.0
40.0,Male,154.94,83.91458845000001,3.0,6.0
47.0,Female,170.18,56.69904625,40.0,0.0
60.0,Male,154.94,90.718474,8.0,2.0
60.0,Female,154.94,63.502931800000006,2.0,2.0
60.0,Male,182.88,90.718474,,5.0
60.0,Female,152.4,81.6466266,2.0,
62.0,Male,185.42,83.91458845000001,45.0,
77.0,Female,160.02,58.9670081,5.0,
82.0,Male,185.42,86.1825503,5.0,
36.0,Male,185.42,104.32624510000001,7.0,5.0
41.0,Female,154.94,61.23496995,14.0,5.0
56.0,Female,160.02,6.35029318,24.0,3.0
50.0,Male,154.94,81.6466266,16.0,0.0
60.0,Female,165.1,83.91458845000001,28.0,0.0
57.0,Male,185.42,83.91458845000001,4.0,0.0
18.0,Female,167.64000000000001,53.523899660000005,10.0,0.0
61.0,Female,172.72,77.1107029,9.0,1.0
31.0,Female,170.18,79.37866475,12.0,1.0
13.0,Male,154.94,40.8233133,2.0,
1.0,Male,91.44,11.33980925,,
8.0,Male,137.16,38.55535145,5.0,1.0
11.0,Male,142.24,38.55535145,2.0,
54.0,Female,160.02,57.60623099,2.0,1.0
23.0,Male,180.34,73.48196394,5.0,3.0
44.0,Male,172.72,63.502931800000006,10.0,2.0
43.0,Female,160.02,54.4310844,10.0,3.0
14.0,Male,167.64000000000001,58.9670081,8.0,6.0
57.0,Male,187.96,102.05828325,15.0,0.0
64.0,Female,170.18,58.9670081,5.0,0.0
75.0,Female,157.48000000000002,63.502931800000006,,
47.0,Female,162.56,64.41011654,5.0,5.0
54.0,Male,154.94,88.45051215000001,5.0,1.0
17.0,Female,162.56,61.68856232,5.0,5.0
58.0,Female,167.64000000000001,90.718474,5.0,2.0
53.0,Female,170.18,72.57477920000001,12.0,5.0
60.0,Male,180.34,99.79032140000001,10.0,10.0
56.0,Female,170.18,68.0388555,7.0,0.0
17.0,Female,124.46000000000001,45.359237,5.0,0.0
87.0,Female,154.94,70.30681735,4.0,
28.0,Female,172.72,92.98643585,10.0,
30.0,Male,187.96,102.05828325,5.0,
78.0,Female,160.02,63.502931800000006,29.0,
59.0,Female,167.64000000000001,113.3980925,2.0,
39.0,Male,154.94,104.32624510000001,40.0,15.0
4.0,Male,132.08,19.958064280000002,40.0,10.0
55.0,Female,157.48000000000002,72.57477920000001,4.0,2.0
50.0,Male,167.64000000000001,81.6466266,40.0,2.0
61.0,Female,124.46000000000001,52.163122550000004,5.0,5.0
62.0,Male,154.94,113.3980925,10.0,5.0
56.0,Male,190.5,108.8621688,18.0,
8.0,Female,124.46000000000001,34.01942775,25.0,
52.0,Female,175.26,52.163122550000004,14.0,
11.0,Female,127.0,24.947580350000003,20.0,
71.0,Male,172.72,81.6466266,14.0,3.0
71.0,Female,154.94,68.0388555,21.0,2.0
58.0,Male,193.04,83.91458845000001,5.0,10.0
57.0,Female,162.56,72.57477920000001,10.0,0.0
29.0,Female,165.1,68.0388555,3.0,10.0
53.0,Male,154.94,82.55381134000001,35.0,8.0
48.0,Female,172.72,61.23496995,7.0,2.0
90.0,Male,167.64000000000001,58.9670081,6.0,4.0
53.0,Male,154.94,92.98643585,12.0,10.0
47.0,Female,154.94,58.9670081,12.0,10.0
21.0,Male,187.96,65.77089365,7.0,5.0
19.0,Male,185.42,61.23496995,7.0,5.0
80.0,Female,154.94,58.9670081,27.0,
30.0,Female,167.64000000000001,72.57477920000001,4.0,4.0
29.0,Male,182.88,90.718474,3.0,1.0
49.0,Male,182.88,97.52235955,4.0,2.0
47.0,Female,167.64000000000001,59.874192840000006,3.0,0.0
14.0,Female,167.64000000000001,55.791861510000004,1.0,6.0
17.0,Male,172.72,54.4310844,1.0,6.0
55.0,Female,162.56,58.9670081,15.0,
57.0,Male,170.18,95.2543977,6.0,
59.0,Female,165.1,54.4310844,6.0,
33.0,Male,187.96,99.79032140000001,10.0,0.0
32.0,Female,165.1,54.4310844,10.0,2.0
55.0,Male,154.94,104.32624510000001,8.0,4.0
56.0,Female,152.4,64.41011654,0.0,0.0
56.0,Female,167.64000000000001,77.1107029,10.0,10.0
57.0,Female,165.1,58.9670081,,
75.0,Male,175.26,86.1825503,10.0,
50.0,Male,187.96,86.1825503,3.0,2.0
18.0,Male,182.88,95.2543977,10.0,10.0
53.0,Female,170.18,104.32624510000001,4.0,1.0
16.0,Female,162.56,108.8621688,1.0,1.0
71.0,Male,172.72,76.20351816,,
38.0,Female,167.64000000000001,88.45051215000001,5.0,2.0
37.0,Male,187.96,131.5417873,6.0,1.0
51.0,Male,172.72,113.3980925,42.0,
53.0,Female,162.56,68.0388555,40.0,
27.0,Female,162.56,108.8621688,32.0,
44.0,Male,170.18,70.76040972,16.0,2.0
34.0,Female,157.48000000000002,49.895160700000005,14.0,0.0
76.0,Female,157.48000000000002,52.163122550000004,10.0,0.0
75.0,Female,167.64000000000001,90.718474,10.0,0.0
89.0,Female,167.64000000000001,90.718474,,
28.0,Female,154.94,113.3980925,2.0,0.0
37.0,Male,180.34,113.3980925,5.0,
38.0,Female,167.64000000000001,90.718474,5.0,
76.0,Male,154.94,86.63614267,25.0,15.0
71.0,Unknown,160.02,81.19303423000001,28.0,25.0
43.0,Male,182.88,97.52235955,40.0,50.0
28.0,Female,180.34,92.98643585,12.0,2.0
29.0,Male,170.18,58.9670081,7.0,2.0
86.0,Male,172.72,72.57477920000001,0.0,0.0
63.0,Female,160.02,79.37866475,6.0,
42.0,Female,157.48000000000002,90.718474,30.0,
69.0,Male,175.26,135.62411863,6.0,
68.0,Female,157.48000000000002,74.84274105,12.0,
50.0,Female,167.64000000000001,77.1107029,12.0,0.0
54.0,Male,198.12,140.6136347,0.0,0.0
54.0,Male,182.88,113.3980925,20.0,5.0
51.0,Female,162.56,63.502931800000006,,7.0
58.0,Male,182.88,68.0388555,30.0,7.0
59.0,Female,175.26,63.502931800000006,3.0,5.0
60.0,Male,182.88,68.0388555,5.0,10.0
62.0,Male,172.72,90.718474,40.0,0.0
54.0,Female,170.18,111.13013065000001,48.0,0.0
24.0,Male,190.5,81.6466266,60.0,0.0
21.0,Male,190.5,79.37866475,60.0,10.0
72.0,Female,160.02,63.502931800000006,9.0,2.0
75.0,Male,180.34,99.79032140000001,10.0,3.0
56.0,Female,162.56,72.57477920000001,24.0,2.0
59.0,Male,175.26,81.6466266,30.0,4.0
22.0,Female,157.48000000000002,58.9670081,20.0,2.0
20.0,Female,167.64000000000001,68.0388555,20.0,2.0
59.0,Female,162.56,69.85322498000001,12.0,1.0
47.0,Female,162.56,102.05828325,0.0,0.0
54.0,Male,198.12,120.20197805000001,8.0,4.0
79.0,Male,170.18,104.32624510000001,6.0,
74.0,Female,152.4,49.895160700000005,60.0,
56.0,Male,182.88,88.45051215000001,30.0,10.0
54.0,Female,165.1,60.32778521,15.0,1.0
68.0,Female,162.56,68.0388555,10.0,
44.0,Female,154.94,145.14955840000002,40.0,
15.0,Male,154.94,136.077711,20.0,
14.0,Male,124.46000000000001,80.28584949,50.0,3.0
75.0,Male,175.26,79.37866475,20.0,3.0
79.0,Male,180.34,113.3980925,25.0,2.0
77.0,Female,175.26,65.77089365,25.0,
71.0,Female,157.48000000000002,63.502931800000006,10.0,0.0
59.0,Male,180.34,83.91458845000001,4.0,1.0
59.0,Female,165.1,70.30681735,2.0,1.0
52.0,Male,172.72,72.57477920000001,,40.0
50.0,Female,165.1,68.0388555,5.0,
65.0,Female,167.64000000000001,76.20351816,6.0,
48.0,Male,180.34,83.91458845000001,40.0,3.0
50.0,Female,165.1,54.4310844,30.0,0.0
20.0,Male,182.88,74.84274105,30.0,
16.0,Female,165.1,56.69904625,30.0,7.0
50.0,Male,162.56,58.05982336,30.0,2.0
67.0,Male,170.18,104.32624510000001,,
65.0,Female,152.4,54.4310844,,
47.0,Female,162.56,81.6466266,10.0,
26.0,Male,172.72,108.8621688,5.0,
19.0,Male,154.94,77.1107029,15.0,
16.0,Male,180.34,68.0388555,10.0,
43.0,Male,190.5,83.91458845000001,16.0,8.0
15.0,Male,182.88,90.718474,20.0,12.0
71.0,Female,154.94,72.57477920000001,10.0,0.0
53.0,Male,190.5,86.1825503,40.0,20.0
87.0,Male,172.72,77.1107029,20.0,1.0
70.0,Male,154.94,113.3980925,10.0,3.0
86.0,Female,160.02,69.85322498000001,14.0,
84.0,Male,170.18,77.1107029,15.0,
84.0,Female,149.86,52.163122550000004,20.0,
54.0,Female,172.72,131.5417873,1.0,
57.0,Female,149.86,48.534383590000004,52.0,30.0
80.0,Male,172.72,79.37866475,,
53.0,Male,154.94,89.35769689,,8.0
47.0,Female,170.18,86.1825503,,10.0
52.0,Female,157.48000000000002,79.37866475,2.0,
58.0,Male,182.88,94.34721296000001,8.0,
49.0,Female,157.48000000000002,62.142154690000005,7.0,3.0
86.0,Female,167.64000000000001,78.92507238,6.0,
72.0,Female,160.02,83.91458845000001,17.0,
79.0,Male,170.18,108.8621688,40.0,
76.0,Female,154.94,81.6466266,40.0,
50.0,Female,162.56,1.81436948,0.0,0.0
53.0,Male,182.88,99.79032140000001,5.0,0.0
49.0,Female,160.02,64.41011654,10.0,
25.0,Female,167.64000000000001,72.57477920000001,20.0,3.0
18.0,Male,172.72,77.1107029,5.0,5.0
82.0,Male,187.96,117.9340162,3.0,1.0
81.0,Female,165.1,102.05828325,5.0,
27.0,Female,175.26,72.57477920000001,10.0,
31.0,Male,193.04,108.8621688,10.0,
51.0,Male,154.94,94.80080533,20.0,3.0
48.0,Female,160.02,58.9670081,15.0,1.0
77.0,Male,175.26,83.00740371,20.0,0.0
57.0,Male,190.5,79.37866475,10.0,2.0
88.0,Male,182.88,95.2543977,6.0,
75.0,Female,165.1,49.895160700000005,10.0,
52.0,Female,167.64000000000001,58.9670081,6.0,
53.0,Male,172.72,90.718474,15.0,7.0
52.0,Female,172.72,63.502931800000006,25.0,10.0
24.0,Female,165.1,54.4310844,10.0,5.0
22.0,Male,180.34,95.2543977,20.0,10.0
21.0,Female,162.56,74.84274105,10.0,5.0
42.0,Male,193.04,136.077711,40.0,70.0
30.0,Male,170.18,68.0388555,,
35.0,Male,165.1,81.6466266,2.0,2.0
65.0,Male,167.64000000000001,64.41011654,14.0,1.0
62.0,Male,154.94,145.14955840000002,0.0,0.0
15.0,Male,172.72,72.57477920000001,0.0,0.0
65.0,Male,170.18,81.6466266,48.0,
57.0,Female,152.4,52.163122550000004,20.0,
72.0,Male,154.94,81.6466266,8.0,0.0
54.0,Female,152.4,52.163122550000004,18.0,0.0
20.0,Female,160.02,54.4310844,4.0,6.0
36.0,Female,154.94,72.57477920000001,,
10.0,Female,144.78,45.359237,,
49.0,Male,165.1,82.55381134000001,,
27.0,Female,160.02,49.895160700000005,2.0,
60.0,Male,172.72,88.45051215000001,3.0,0.0
56.0,Female,152.4,63.502931800000006,6.0,0.0
43.0,Female,160.02,63.502931800000006,15.0,5.0
14.0,Male,160.02,65.77089365,9.0,3.0
12.0,Female,157.48000000000002,52.163122550000004,9.0,3.0
78.0,Male,182.88,90.718474,20.0,10.0
75.0,Female,170.18,107.04779932000001,20.0,20.0
38.0,Male,167.64000000000001,90.718474,18.0,
10.0,Male,144.78,54.4310844,20.0,20.0
32.0,Female,170.18,113.3980925,18.0,
14.0,Male,154.94,65.77089365,20.0,20.0
39.0,Female,170.18,92.98643585,10.0,3.0
45.0,Male,152.4,56.69904625,,
23.0,Female,124.46000000000001,52.163122550000004,,
53.0,Male,185.42,95.2543977,3.0,2.0
52.0,Female,154.94,104.32624510000001,3.0,
54.0,Male,182.88,77.1107029,12.0,
67.0,Male,187.96,113.3980925,,8.0
48.0,Male,157.48000000000002,52.61671492,1.0,0.0
48.0,Female,160.02,58.9670081,1.0,0.0
57.0,Male,170.18,131.5417873,10.0,0.0
21.0,Female,182.88,63.502931800000006,3.0,0.0
74.0,Female,172.72,68.0388555,2.0,
73.0,Female,167.64000000000001,86.1825503,2.0,0.0
66.0,Male,198.12,124.73790175,5.0,
65.0,Female,170.18,68.0388555,9.0,
69.0,Female,167.64000000000001,68.0388555,10.0,
72.0,Male,182.88,86.1825503,26.0,7.0
58.0,Male,182.88,94.34721296000001,40.0,0.0
50.0,Female,160.02,68.0388555,60.0,0.0
63.0,Female,167.64000000000001,73.93555631000001,4.0,
65.0,Male,180.34,99.79032140000001,2.0,
51.0,Male,167.64000000000001,86.1825503,3.0,5.0
51.0,Female,162.56,67.13167076,5.0,0.0
80.0,Male,175.26,99.79032140000001,7.0,2.0
71.0,Male,175.26,78.01788764,15.0,4.0
67.0,Female,162.56,49.895160700000005,15.0,2.0
78.0,Male,172.72,93.89362059,10.0,1.0
75.0,Female,162.56,72.57477920000001,12.0,1.0
36.0,Male,172.72,99.79032140000001,4.0,4.0
33.0,Female,165.1,61.68856232,4.0,0.0
48.0,Male,172.72,86.1825503,10.0,0.0
46.0,Female,165.1,86.1825503,10.0,0.0
10.0,Male,134.62,28.576319310000002,20.0,4.0
10.0,Female,134.62,27.2155422,20.0,9.0
5.0,Male,91.44,18.143694800000002,20.0,7.0
55.0,Female,167.64000000000001,76.20351816,4.0,1.0
51.0,Female,175.26,81.6466266,3.0,
51.0,Male,187.96,102.05828325,5.0,2.0
59.0,Male,165.1,95.2543977,20.0,45.0
74.0,Female,157.48000000000002,72.57477920000001,3.0,
56.0,Female,154.94,77.1107029,17.0,
66.0,Male,170.18,99.79032140000001,21.0,
31.0,Male,180.34,74.84274105,5.0,1.0
31.0,Female,160.02,63.502931800000006,3.0,3.0
46.0,Male,180.34,82.55381134000001,21.0,5.0
7.0,Male,121.92,27.2155422,21.0,3.0
38.0,Female,162.56,63.502931800000006,21.0,5.0
8.0,Female,127.0,36.287389600000004,21.0,3.0
2.0,Female,76.2,13.6077711,21.0,
52.0,Male,180.34,98.88313666,10.0,
50.0,Female,167.64000000000001,68.0388555,,10.0
21.0,Male,182.88,79.37866475,10.0,
52.0,Male,154.94,114.75886961,5.0,2.0
54.0,Female,170.18,74.84274105,5.0,5.0
50.0,Male,187.96,95.2543977,5.0,5.0
51.0,Female,165.1,69.39963261,15.0,1.0
49.0,Female,162.56,104.32624510000001,6.0,3.0
54.0,Male,187.96,102.05828325,2.0,5.0
46.0,Male,182.88,78.01788764,4.0,1.0
7.0,Male,137.16,28.12272694,6.0,0.0
6.0,Male,121.92,23.586803240000002,6.0,0.0
42.0,Female,165.1,68.0388555,2.0,0.0
5.0,Male,106.67999999999999,16.78291769,6.0,0.0
40.0,Female,152.4,56.69904625,20.0,5.0
11.0,Female,134.62,29.48350405,20.0,
9.0,Female,134.62,29.48350405,5.0,4.0
7.0,Male,121.92,22.6796185,6.0,3.5
3.0,Male,104.14,18.143694800000002,,
40.0,Male,182.88,83.91458845000001,10.0,6.0
75.0,Male,175.26,108.8621688,20.0,
74.0,Female,175.26,65.77089365,15.0,
63.0,Male,154.94,81.6466266,28.0,
60.0,Female,165.1,56.69904625,20.0,
35.0,Male,180.34,79.37866475,28.0,
54.0,Female,180.34,86.1825503,10.0,3.0
56.0,Male,185.42,92.98643585,10.0,3.0
53.0,Male,154.94,77.1107029,3.0,0.0
50.0,Female,175.26,58.9670081,5.0,0.0
19.0,Female,172.72,61.23496995,8.0,3.0
51.0,Male,172.72,117.9340162,7.0,8.0
53.0,Female,160.02,52.163122550000004,14.0,6.0
72.0,Male,180.34,72.57477920000001,8.0,0.0
44.0,Male,185.42,113.3980925,7.0,0.0
44.0,Female,154.94,61.23496995,14.0,2.0
59.0,Male,154.94,181.436948,3.0,0.0
50.0,Female,165.1,99.79032140000001,4.0,0.0
1.0,Female,71.12,13.6077711,10.0,
3.0,Female,96.52,18.143694800000002,10.0,
75.0,Male,175.26,79.37866475,6.0,0.0
69.0,Female,162.56,65.77089365,5.0,0.0
59.0,Female,167.64000000000001,81.6466266,8.0,
30.0,Female,167.64000000000001,61.23496995,10.0,10.0
28.0,Female,165.1,54.4310844,10.0,5.0
64.0,Male,154.94,95.2543977,9.0,1.0
39.0,Male,182.88,86.1825503,5.0,5.0
42.0,Male,185.42,84.82177319,15.0,5.0
0.0,Male,60.96,6.35029318,,
33.0,Female,167.64000000000001,97.52235955,5.0,2.0
3.0,Female,96.52,15.42214058,,
38.0,Female,170.18,81.6466266,10.0,
3.0,Male,106.67999999999999,14.968548210000002,40.0,
2.0,Male,73.66,12.24699399,40.0,
44.0,Male,180.34,90.718474,10.0,
37.0,Male,170.18,88.45051215000001,9.0,3.0
38.0,Female,157.48000000000002,79.37866475,7.0,0.0
41.0,Male,190.5,89.81128926000001,7.0,
38.0,Female,162.56,59.874192840000006,5.0,2.0
39.0,Male,175.26,81.6466266,70.0,5.0
57.0,Male,182.88,106.14061458,1.0,
48.0,Female,165.1,72.57477920000001,1.0,
47.0,Female,160.02,65.77089365,10.0,5.0
46.0,Male,175.26,81.6466266,10.0,5.0
70.0,Female,172.72,86.1825503,7.0,3.0
79.0,Male,154.94,68.0388555,28.0,6.0
44.0,Male,182.88,104.32624510000001,3.0,0.0
42.0,Female,162.56,77.1107029,3.0,2.0
8.0,Male,132.08,27.2155422,4.0,2.0
5.0,Female,111.75999999999999,18.143694800000002,2.0,1.0
7.0,Female,119.38,20.41165665,4.0,1.0
59.0,Female,160.02,79.37866475,35.0,
45.0,Male,180.34,68.0388555,3.0,3.0
14.0,Female,172.72,63.502931800000006,3.0,1.0
44.0,Female,170.18,63.502931800000006,3.0,2.0
16.0,Female,167.64000000000001,63.502931800000006,3.0,1.0
12.0,Female,157.48000000000002,38.55535145,3.0,2.0
55.0,Male,180.34,86.1825503,12.0,0.0
67.0,Female,167.64000000000001,68.0388555,45.0,
68.0,Male,187.96,78.92507238,24.0,1.0
39.0,Male,185.42,99.79032140000001,3.0,0.0
36.0,Female,170.18,72.57477920000001,5.0,0.0
6.0,Female,121.92,18.143694800000002,0.0,0.0
1.0,Male,91.44,10.886216880000001,0.0,0.0
8.0,Male,129.54,24.947580350000003,2.0,0.0
5.0,Female,104.14,18.143694800000002,2.0,0.0
6.0,Female,132.08,24.04039561,2.0,0.0
61.0,Female,172.72,108.8621688,4.0,3.0
63.0,Male,175.26,86.1825503,10.0,3.0
74.0,Female,167.64000000000001,61.23496995,0.0,
44.0,Male,180.34,71.66759446,60.0,10.0
45.0,Female,172.72,58.9670081,60.0,
8.0,Male,137.16,29.48350405,60.0,
6.0,Male,121.92,22.6796185,60.0,
54.0,Female,170.18,7.71107029,20.0,4.0
65.0,Male,154.94,84.36818082,,5.0
62.0,Female,167.64000000000001,61.23496995,,6.0
59.0,Female,157.48000000000002,61.23496995,7.0,1.0
92.0,Male,175.26,72.57477920000001,20.0,4.0
91.0,Female,160.02,81.6466266,10.0,2.0
64.0,Female,165.1,52.61671492,12.0,
70.0,Male,175.26,88.90410452,17.0,
51.0,Female,165.1,58.9670081,10.0,0.0
50.0,Male,170.18,63.502931800000006,7.0,7.0
16.0,Female,165.1,63.502931800000006,5.0,5.0
14.0,Female,175.26,54.4310844,5.0,5.0
79.0,Female,165.1,65.77089365,20.0,10.0
78.0,Male,187.96,89.81128926000001,30.0,15.0
56.0,Male,182.88,88.45051215000001,6.0,3.0
60.0,Female,154.94,47.62719885,6.0,6.0
24.0,Male,154.94,68.0388555,6.0,3.0
21.0,Male,187.96,83.91458845000001,6.0,3.0
58.0,Male,154.94,86.1825503,10.0,5.0
57.0,Female,167.64000000000001,58.9670081,10.0,5.0
14.0,Female,157.48000000000002,54.4310844,5.0,0.0
60.0,Male,180.34,72.57477920000001,16.0,1.0
60.0,Female,162.56,72.57477920000001,4.0,
39.0,Female,170.18,79.83225712000001,1.0,3.0
3.0,Female,63.5,12.70058636,10.0,5.0
39.0,Male,154.94,86.1825503,1.0,3.0
4.0,Male,99.06,18.143694800000002,10.0,5.0
81.0,Male,180.34,87.54332741,,
41.0,Male,182.88,90.718474,30.0,
46.0,Male,154.94,74.84274105,14.0,2.0
44.0,Female,160.02,56.69904625,7.0,5.0
16.0,Male,175.26,61.23496995,15.0,7.0
13.0,Female,160.02,47.62719885,10.0,10.0
77.0,Male,175.26,83.91458845000001,5.0,0.0
66.0,Female,157.48000000000002,65.77089365,24.0,
66.0,Male,154.94,92.98643585,2.0,
63.0,Female,160.02,63.502931800000006,2.0,
79.0,Male,154.94,90.718474,3.0,3.0
70.0,Female,160.02,56.24545388,10.0,
45.0,Male,187.96,87.54332741,3.0,
45.0,Female,172.72,63.502931800000006,4.0,
17.0,Female,154.94,63.502931800000006,2.0,10.0
9.0,Female,152.4,34.01942775,2.0,10.0
12.0,Female,172.72,58.9670081,2.0,10.0
49.0,Male,175.26,70.76040972,5.0,4.0
44.0,Female,154.94,50.80234544,14.0,2.0
6.0,Male,104.14,18.143694800000002,15.0,1.0
67.0,Male,203.2,81.6466266,5.0,3.0
60.0,Female,198.12,77.1107029,4.0,4.0
54.0,Male,175.26,61.23496995,16.0,6.0
51.0,Female,157.48000000000002,61.23496995,10.0,6.0
13.0,Male,170.18,49.895160700000005,6.0,4.0
58.0,Male,154.94,83.00740371,10.0,2.0
55.0,Female,172.72,65.77089365,10.0,2.0
10.0,Female,152.4,49.895160700000005,15.0,4.0
35.0,Male,185.42,79.37866475,10.0,1.0
36.0,Female,162.56,58.513415730000006,10.0,0.0
4.0,Female,101.6,18.143694800000002,14.0,0.0
0.0,Female,33.02,8.164662660000001,0.0,0.0
2.0,Female,83.82,10.886216880000001,14.0,0.0
59.0,Male,187.96,74.84274105,5.0,3.0
57.0,Female,167.64000000000001,68.0388555,3.0,2.0
53.0,Female,170.18,68.0388555,7.0,
53.0,Male,182.88,86.1825503,2.0,2.0
25.0,Male,175.26,74.84274105,2.0,
63.0,Male,175.26,74.84274105,20.0,8.0
61.0,Female,154.94,58.9670081,18.0,2.0
60.0,Male,182.88,83.91458845000001,5.0,10.0
59.0,Female,160.02,49.895160700000005,5.0,5.0
61.0,Male,182.88,74.84274105,,12.0
62.0,Female,180.34,68.0388555,,6.0
39.0,Male,185.42,95.2543977,7.0,3.0
39.0,Female,154.94,77.1107029,7.0,
9.0,Male,134.62,36.287389600000004,,5.0
8.0,Male,132.08,30.390688790000002,,5.0
64.0,Male,172.72,88.45051215000001,10.0,
68.0,Female,162.56,90.718474,,
88.0,Male,170.18,70.76040972,,
86.0,Female,157.48000000000002,57.152638620000005,,
35.0,Male,187.96,90.718474,8.0,8.0
33.0,Female,172.72,58.9670081,4.0,20.0
38.0,Male,185.42,86.1825503,2.0,2.0
34.0,Female,162.56,61.23496995,2.0,2.0
6.0,Male,114.3,27.2155422,2.0,2.0
4.0,Male,91.44,18.59728717,2.0,2.0
2.0,Female,78.74000000000001,12.70058636,4.0,0.0
72.0,Female,167.64000000000001,68.0388555,5.0,0.0
59.0,Female,162.56,54.4310844,4.0,2.0
51.0,Male,172.72,99.79032140000001,8.0,3.0
51.0,Female,157.48000000000002,54.4310844,20.0,3.0
21.0,Male,172.72,68.0388555,5.0,0.0
19.0,Female,160.02,61.23496995,5.0,0.0
49.0,Male,154.94,97.52235955,5.0,
48.0,Female,124.46000000000001,45.359237,5.0,
17.0,Female,149.86,49.895160700000005,5.0,
14.0,Female,152.4,49.895160700000005,5.0,
47.0,Male,193.04,108.8621688,15.0,5.0
56.0,Female,170.18,77.1107029,7.0,
55.0,Male,190.5,136.077711,4.0,3.0
51.0,Female,154.94,65.77089365,5.0,
56.0,Male,190.5,81.6466266,10.0,2.0
20.0,Male,182.88,72.57477920000001,5.0,5.0
12.0,Female,167.64000000000001,52.163122550000004,5.0,
45.0,Male,162.56,58.9670081,10.0,9.0
45.0,Female,154.94,54.4310844,20.0,0.0
67.0,Female,162.56,72.57477920000001,5.0,0.0
71.0,Male,170.18,77.1107029,5.0,15.0
53.0,Male,187.96,117.9340162,15.0,10.0
53.0,Female,152.4,47.62719885,20.0,5.0
16.0,Female,160.02,49.895160700000005,15.0,5.0
15.0,Male,182.88,58.9670081,15.0,10.0
42.0,Male,154.94,90.718474,5.0,4.0
47.0,Female,175.26,65.77089365,5.0,0.0
18.0,Female,165.1,54.4310844,5.0,5.0
45.0,Male,167.64000000000001,58.9670081,14.0,4.0
45.0,Female,160.02,45.359237,14.0,8.0
18.0,Male,154.94,77.1107029,14.0,14.0
16.0,Female,157.48000000000002,45.359237,14.0,16.0
13.0,Female,157.48000000000002,45.359237,14.0,10.0
42.0,Female,167.64000000000001,63.502931800000006,3.0,1.0
43.0,Male,187.96,90.718474,15.0,3.0
6.0,Male,121.92,29.48350405,40.0,21.0
44.0,Male,154.94,92.98643585,10.0,0.0
14.0,Female,170.18,72.57477920000001,6.0,0.0
45.0,Female,175.26,65.77089365,14.0,0.0
18.0,Male,187.96,95.2543977,12.0,4.0
9.0,Female,157.48000000000002,49.895160700000005,8.0,2.0
67.0,Female,167.64000000000001,45.359237,30.0,
52.0,Female,172.72,62.59574706,,8.0
57.0,Male,167.64000000000001,74.38914868,20.0,
51.0,Male,195.57999999999998,124.73790175,2.0,
64.0,Male,154.94,68.0388555,,4.0
60.0,Female,165.1,113.3980925,0.0,0.0
74.0,Male,182.88,108.8621688,40.0,
72.0,Female,165.1,77.1107029,40.0,
45.0,Male,182.88,104.32624510000001,6.0,
43.0,Female,172.72,68.0388555,6.0,9.0
15.0,Male,165.1,58.9670081,6.0,6.0
12.0,Female,124.46000000000001,34.01942775,3.0,5.0
49.0,Female,175.26,70.30681735,6.0,4.0
20.0,Female,170.18,63.502931800000006,4.0,10.0
22.0,Male,195.57999999999998,97.52235955,5.0,3.0
16.0,Male,190.5,86.1825503,4.0,10.0
50.0,Male,187.96,102.05828325,6.0,5.0
74.0,Male,190.5,131.5417873,0.0,0.0
40.0,Female,165.1,90.718474,0.0,0.0
46.0,Male,187.96,99.79032140000001,12.0,0.0
46.0,Female,157.48000000000002,58.9670081,5.0,0.0
18.0,Female,167.64000000000001,81.6466266,3.0,0.0
48.0,Male,172.72,72.57477920000001,10.0,1.0
18.0,Male,182.88,72.57477920000001,5.0,14.0
16.0,Male,190.5,83.91458845000001,5.0,14.0
57.0,Male,154.94,79.37866475,4.0,1.0
54.0,Female,167.64000000000001,52.163122550000004,10.0,
25.0,Male,182.88,63.502931800000006,7.0,2.0
19.0,Male,187.96,77.1107029,7.0,2.0
73.0,Male,185.42,131.5417873,15.0,5.0
64.0,Female,167.64000000000001,90.718474,15.0,5.0
53.0,Male,185.42,86.1825503,14.0,6.0
53.0,Female,154.94,58.9670081,18.0,7.0
13.0,Male,149.86,37.648166710000005,21.0,16.0
43.0,Female,180.34,77.1107029,5.0,2.0
13.0,Female,165.1,45.359237,6.0,0.0
11.0,Female,160.02,45.359237,3.0,0.0
50.0,Male,182.88,88.45051215000001,3.0,1.0
61.0,Female,165.1,72.57477920000001,15.0,2.0
62.0,Male,182.88,99.79032140000001,10.0,0.0
69.0,Male,180.34,107.95498406,6.0,
54.0,Female,154.94,58.9670081,4.0,2.0
68.0,Male,182.88,97.52235955,5.0,1.0
69.0,Male,170.18,90.718474,25.0,
27.0,Female,162.56,58.9670081,15.0,
63.0,Male,175.26,78.01788764,2.0,3.0
50.0,Male,154.94,83.91458845000001,15.0,7.0
46.0,Female,167.64000000000001,57.152638620000005,20.0,10.0
18.0,Male,193.04,68.94604024,35.0,16.0
57.0,Male,182.88,100.24391377,20.0,0.0
56.0,Female,165.1,63.502931800000006,25.0,0.0
38.0,Male,203.2,95.2543977,4.0,
78.0,Male,180.34,99.79032140000001,7.0,
77.0,Female,154.94,49.895160700000005,14.0,
63.0,Male,187.96,86.1825503,28.0,
29.0,Female,172.72,58.9670081,15.0,3.0
30.0,Male,187.96,79.37866475,4.0,20.0
54.0,Male,175.26,70.30681735,4.0,2.0
45.0,Female,154.94,74.84274105,4.0,
83.0,Male,154.94,63.502931800000006,,
85.0,Female,165.1,58.513415730000006,,
48.0,Male,185.42,81.6466266,,
82.0,Male,154.94,77.1107029,21.0,
44.0,Male,190.5,77.1107029,12.0,3.0
13.0,Male,152.4,38.55535145,21.0,2.0
43.0,Female,162.56,58.9670081,28.0,4.0
15.0,Female,160.02,48.534383590000004,21.0,6.0
8.0,Female,152.4,38.55535145,21.0,2.0
51.0,Male,185.42,88.45051215000001,8.0,2.0
50.0,Female,167.64000000000001,72.57477920000001,6.0,1.0
42.0,Male,187.96,90.718474,5.0,
43.0,Female,154.94,104.32624510000001,8.0,
9.0,Female,124.46000000000001,38.55535145,5.0,10.0
7.0,Male,142.24,38.55535145,5.0,10.0
26.0,Male,180.34,90.718474,10.0,
28.0,Female,167.64000000000001,90.718474,10.0,
45.0,Male,175.26,63.502931800000006,5.0,0.0
43.0,Female,162.56,77.1107029,7.0,0.0
12.0,Female,152.4,40.8233133,5.0,2.0
40.0,Male,175.26,68.0388555,15.0,0.0
51.0,Male,182.88,86.1825503,3.0,0.0
54.0,Female,160.02,65.77089365,6.0,0.0
24.0,Female,157.48000000000002,58.9670081,5.0,2.0
16.0,Male,190.5,88.45051215000001,3.0,6.0
63.0,Male,182.88,97.52235955,6.0,0.0
62.0,Female,157.48000000000002,58.9670081,20.0,0.0
66.0,Female,172.72,92.98643585,14.0,0.0
67.0,Male,182.88,99.79032140000001,20.0,6.0
39.0,Female,172.72,61.23496995,28.0,2.0
55.0,Female,172.72,56.69904625,10.0,3.0
66.0,Male,172.72,90.718474,2.0,0.0
59.0,Male,167.64000000000001,79.37866475,6.0,0.0
58.0,Female,175.26,81.6466266,8.0,0.0
20.0,Male,170.18,72.57477920000001,4.0,0.0
15.0,Female,167.64000000000001,72.57477920000001,4.0,4.0
30.0,Male,187.96,79.37866475,4.0,4.0
30.0,Female,167.64000000000001,59.874192840000006,10.0,6.0
6.0,Male,121.92,18.143694800000002,15.0,6.0
4.0,Female,106.67999999999999,14.06136347,15.0,6.0
36.0,Male,172.72,72.57477920000001,16.0,2.0
6.0,Male,121.92,20.41165665,30.0,0.0
37.0,Female,162.56,61.23496995,23.0,
9.0,Female,134.62,29.02991168,30.0,
50.0,Male,175.26,63.502931800000006,3.0,0.0
57.0,Male,175.26,83.91458845000001,5.0,5.0
51.0,Female,165.1,58.9670081,5.0,3.0
53.0,Male,193.04,95.2543977,3.0,1.0
47.0,Female,172.72,86.1825503,3.0,1.0
14.0,Male,180.34,61.23496995,5.0,0.0
12.0,Female,162.56,47.62719885,3.0,2.0
50.0,Male,182.88,77.1107029,2.0,
55.0,Male,182.88,97.52235955,1.0,1.0
51.0,Female,165.1,56.24545388,3.0,
21.0,Male,185.42,72.57477920000001,3.0,
18.0,Male,154.94,72.57477920000001,5.0,
62.0,Male,187.96,81.6466266,30.0,10.0
57.0,Female,170.18,54.4310844,30.0,5.0
61.0,Male,175.26,108.8621688,5.0,
53.0,Female,172.72,72.57477920000001,5.0,
89.0,Female,162.56,54.4310844,57.0,
91.0,Male,154.94,58.9670081,0.0,0.0
89.0,Female,160.02,66.67807839000001,2.0,
65.0,Male,182.88,77.1107029,18.0,1.0
62.0,Female,180.34,70.30681735,22.0,1.0
69.0,Male,160.02,81.6466266,5.0,0.0
69.0,Female,165.1,58.9670081,4.0,0.0
60.0,Male,187.96,95.70799007000001,30.0,0.0
17.0,Female,167.64000000000001,56.69904625,20.0,4.0
57.0,Female,160.02,74.84274105,7.0,0.0
22.0,Male,185.42,70.30681735,30.0,5.0
50.0,Male,170.18,104.32624510000001,10.0,0.0
70.0,Male,175.26,74.38914868,10.0,4.0
18.0,Male,170.18,63.502931800000006,0.0,0.0
45.0,Male,195.57999999999998,106.59420695,5.0,15.0
44.0,Female,170.18,77.1107029,3.0,
13.0,Male,154.94,36.287389600000004,20.0,
12.0,Male,124.46000000000001,34.01942775,20.0,
9.0,Female,142.24,29.48350405,20.0,
8.0,Female,137.16,27.2155422,20.0,
4.0,Female,119.38,18.143694800000002,20.0,
83.0,Male,165.1,63.502931800000006,10.0,
56.0,Male,185.42,92.98643585,48.0,5.0
54.0,Female,157.48000000000002,58.9670081,2.0,1.0
21.0,Male,175.26,83.91458845000001,1.0,0.0
39.0,Female,162.56,57.152638620000005,8.0,
11.0,Female,144.78,40.8233133,4.0,1.0
70.0,Male,175.26,78.01788764,20.0,0.0
68.0,Female,160.02,58.9670081,15.0,0.0
65.0,Male,185.42,111.13013065000001,10.0,2.0
60.0,Male,170.18,90.718474,2.0,0.0
60.0,Female,162.56,58.9670081,6.0,4.0
66.0,Female,162.56,59.420600470000004,20.0,
66.0,Male,170.18,90.718474,40.0,
61.0,Male,154.94,95.2543977,4.0,
60.0,Female,162.56,45.359237,1.0,
62.0,Female,175.26,64.41011654,15.0,3.0
64.0,Male,170.18,81.6466266,2.0,3.0
54.0,Female,170.18,81.6466266,20.0,4.0
22.0,Female,162.56,58.9670081,15.0,6.0
37.0,Male,175.26,104.32624510000001,5.0,
36.0,Female,172.72,81.6466266,5.0,
2.0,Male,91.44,15.875732950000002,10.0,
57.0,Male,182.88,88.45051215000001,,
56.0,Female,152.4,47.62719885,5.0,
34.0,Unknown,162.56,50.34875307,4.0,
43.0,Unknown,182.88,77.1107029,4.0,
3.0,Unknown,91.44,14.51495584,6.0,
56.0,Male,180.34,97.52235955,5.0,2.0
54.0,Female,167.64000000000001,68.0388555,5.0,0.0
62.0,Male,182.88,108.8621688,5.0,
56.0,Female,165.1,102.05828325,5.0,
52.0,Male,180.34,138.79926522,5.0,
51.0,Female,162.56,80.28584949,5.0,3.0
24.0,Male,154.94,81.6466266,3.0,
22.0,Male,165.1,68.0388555,3.0,5.0
57.0,Female,167.64000000000001,63.502931800000006,4.0,1.0
24.0,Female,170.18,65.77089365,6.0,4.0
65.0,Male,180.34,99.79032140000001,5.0,2.0
53.0,Female,170.18,62.59574706,7.0,
15.0,Male,165.1,54.4310844,10.0,
13.0,Female,162.56,41.73049804,10.0,
65.0,Male,154.94,97.52235955,12.0,1.0
64.0,Female,157.48000000000002,74.84274105,12.0,2.0
48.0,Male,154.94,87.54332741,5.0,0.0
11.0,Male,149.86,39.00894382,14.0,7.0
6.0,Male,114.3,21.772433760000002,14.0,7.0
81.0,Male,182.88,83.91458845000001,5.0,
80.0,Female,167.64000000000001,58.9670081,7.0,
74.0,Male,182.88,79.83225712000001,15.0,3.0
76.0,Female,167.64000000000001,61.23496995,10.0,0.0
60.0,Male,175.26,90.718474,5.0,2.0
57.0,Female,160.02,58.9670081,3.0,0.0
21.0,Female,154.94,63.502931800000006,8.0,3.0
18.0,Male,182.88,77.1107029,8.0,4.0
71.0,Male,175.26,70.30681735,12.0,
69.0,Female,165.1,68.0388555,12.0,
56.0,Female,167.64000000000001,58.9670081,2.0,5.0
57.0,Male,193.04,108.8621688,4.0,1.0
55.0,Female,160.02,45.359237,2.0,0.0
21.0,Female,167.64000000000001,47.62719885,6.0,8.0
18.0,Female,152.4,49.895160700000005,6.0,6.0
12.0,Female,157.48000000000002,49.895160700000005,6.0,3.0
65.0,Female,165.1,67.58526313,10.0,5.0
66.0,Male,180.34,90.718474,25.0,5.0
56.0,Female,170.18,72.57477920000001,10.0,5.0
49.0,Male,185.42,88.45051215000001,5.0,3.0
48.0,Female,167.64000000000001,61.23496995,3.0,0.0
17.0,Male,180.34,79.37866475,2.0,1.0
12.0,Male,165.1,56.69904625,4.0,1.0
50.0,Male,180.34,79.37866475,5.0,8.0
46.0,Female,162.56,58.9670081,4.0,2.0
21.0,Female,162.56,54.4310844,4.0,8.0
36.0,Male,185.42,86.1825503,3.0,0.0
39.0,Female,160.02,86.1825503,3.0,0.0
2.0,Female,63.5,15.42214058,,
62.0,Male,185.42,104.32624510000001,2.0,
59.0,Female,167.64000000000001,49.895160700000005,1.0,5.0
56.0,Female,165.1,68.0388555,7.0,
53.0,Male,154.94,99.79032140000001,4.0,
51.0,Female,170.18,63.502931800000006,4.0,
64.0,Male,185.42,88.45051215000001,4.0,
29.0,Female,162.56,56.69904625,5.0,3.0
33.0,Male,172.72,83.91458845000001,4.0,2.0
39.0,Female,170.18,54.4310844,12.0,2.0
65.0,Male,172.72,86.1825503,3.0,
63.0,Female,157.48000000000002,63.502931800000006,3.0,
39.0,Male,180.34,104.32624510000001,8.0,3.0
42.0,Female,154.94,70.30681735,10.0,
53.0,Male,182.88,86.1825503,20.0,3.0
51.0,Female,167.64000000000001,61.23496995,10.0,0.0
75.0,Male,182.88,77.1107029,70.0,0.0
82.0,Female,154.94,72.57477920000001,10.0,
47.0,Male,154.94,72.57477920000001,7.0,1.0
46.0,Female,157.48000000000002,49.895160700000005,5.0,0.0
13.0,Male,170.18,49.895160700000005,14.0,4.0
9.0,Male,132.08,29.48350405,21.0,6.0
7.0,Male,119.38,22.6796185,21.0,6.0
3.0,Male,91.44,11.793401620000001,10.0,
76.0,Male,172.72,104.32624510000001,1.0,
71.0,Female,154.94,65.77089365,2.0,
56.0,Female,167.64000000000001,76.20351816,12.0,
54.0,Male,180.34,77.1107029,30.0,1.0
54.0,Female,172.72,63.502931800000006,14.0,1.0
16.0,Female,170.18,58.9670081,10.0,1.0
14.0,Male,182.88,77.1107029,10.0,1.0
40.0,Female,172.72,117.9340162,2.0,
65.0,Female,160.02,81.6466266,30.0,
62.0,Male,187.96,108.8621688,15.0,30.0
51.0,Male,185.42,81.6466266,30.0,
45.0,Male,172.72,108.8621688,5.0,
44.0,Male,172.72,90.718474,5.0,
73.0,Female,124.46000000000001,63.502931800000006,,
74.0,Female,172.72,77.1107029,,
53.0,Male,182.88,108.8621688,20.0,20.0
54.0,Female,162.56,49.895160700000005,40.0,
30.0,Male,182.88,72.57477920000001,20.0,20.0
62.0,Female,165.1,72.57477920000001,,
64.0,Male,170.18,108.8621688,20.0,
62.0,Female,160.02,99.79032140000001,36.0,
48.0,Male,154.94,81.6466266,20.0,0.0
44.0,Female,172.72,65.77089365,20.0,0.0
60.0,Male,167.64000000000001,90.718474,26.0,0.0
59.0,Female,162.56,68.0388555,40.0,10.0
53.0,Male,175.26,90.718474,40.0,4.0
48.0,Female,144.78,68.0388555,56.0,2.0
88.0,Female,144.78,77.1107029,20.0,0.0
20.0,Male,172.72,72.57477920000001,8.0,1.0
14.0,Male,170.18,81.6466266,2.0,1.0
17.0,Female,170.18,77.1107029,2.0,
23.0,Male,172.72,81.6466266,35.0,2.0
9.0,Male,101.6,36.287389600000004,1.0,
53.0,Female,172.72,104.32624510000001,2.0,
28.0,Male,175.26,83.91458845000001,3.0,1.0
21.0,Male,180.34,88.45051215000001,3.0,1.0
15.0,Female,167.64000000000001,4.535923700000001,2.0,1.0
48.0,Female,157.48000000000002,58.9670081,,
18.0,Female,152.4,61.23496995,,
16.0,Female,149.86,63.502931800000006,,
13.0,Female,162.56,50.80234544,,
43.0,Male,187.96,147.41752025,35.0,
2.0,Male,91.44,13.6077711,5.0,
38.0,Female,175.26,77.1107029,10.0,
11.0,Female,157.48000000000002,45.359237,10.0,3.0
75.0,Male,162.56,64.86370891,1.0,
73.0,Female,157.48000000000002,51.70953018,1.0,
66.0,Female,162.56,90.718474,1.0,
68.0,Male,185.42,95.2543977,1.0,
40.0,Male,175.26,79.37866475,7.0,7.0
38.0,Female,162.56,54.4310844,11.0,3.0
8.0,Male,137.16,27.2155422,10.0,20.0
7.0,Female,121.92,18.143694800000002,10.0,20.0
48.0,Male,154.94,90.718474,4.0,0.0
54.0,Female,157.48000000000002,72.57477920000001,7.0,3.0
50.0,Male,180.34,83.91458845000001,40.0,40.0
48.0,Female,157.48000000000002,95.2543977,25.0,20.0
75.0,Female,162.56,61.23496995,28.0,0.0
52.0,Male,160.02,56.69904625,,
14.0,Male,170.18,81.6466266,,
17.0,Male,154.94,79.37866475,,
63.0,Male,154.94,92.98643585,19.0,5.0
63.0,Female,160.02,70.30681735,19.0,8.0
62.0,Male,187.96,92.98643585,36.0,
60.0,Female,172.72,54.4310844,42.0,
67.0,Male,185.42,89.35769689,40.0,
60.0,Female,157.48000000000002,67.13167076,35.0,
59.0,Male,170.18,72.57477920000001,10.0,2.0
58.0,Female,172.72,65.77089365,10.0,
46.0,Male,154.94,77.1107029,3.0,
45.0,Female,165.1,61.23496995,5.0,
18.0,Male,180.34,70.30681735,5.0,5.0
16.0,Female,160.02,56.69904625,,12.0
72.0,Male,180.34,95.2543977,10.0,
52.0,Male,185.42,95.2543977,50.0,
48.0,Female,170.18,74.84274105,35.0,
22.0,Male,185.42,73.93555631000001,40.0,
57.0,Male,175.26,87.99691978,45.0,0.0
42.0,Male,187.96,70.30681735,50.0,20.0
75.0,Male,180.34,108.8621688,5.0,0.0
72.0,Female,160.02,96.16158244,5.0,0.0
80.0,Female,162.56,63.04933943,6.0,0.0
76.0,Female,137.16,72.57477920000001,35.0,
61.0,Male,170.18,81.6466266,4.0,
65.0,Female,165.1,86.1825503,3.0,
61.0,Male,180.34,86.1825503,6.0,0.0
51.0,Male,170.18,74.84274105,10.0,6.0
51.0,Female,172.72,70.30681735,20.0,4.0
51.0,Male,182.88,99.79032140000001,16.0,7.0
34.0,Female,162.56,81.6466266,6.0,1.0
6.0,Male,114.3,22.6796185,14.0,0.0
2.0,Male,60.96,13.6077711,12.0,0.0
69.0,Female,160.02,81.6466266,6.0,
70.0,Male,162.56,77.1107029,6.0,
75.0,Male,180.34,90.718474,1.0,
72.0,Female,167.64000000000001,77.1107029,1.0,
43.0,Male,175.26,79.37866475,15.0,10.0
45.0,Female,157.48000000000002,61.23496995,35.0,15.0
18.0,Male,180.34,88.45051215000001,15.0,20.0
14.0,Female,160.02,54.4310844,15.0,20.0
91.0,Male,167.64000000000001,52.163122550000004,25.0,0.0
86.0,Female,157.48000000000002,68.0388555,100.0,10.0
65.0,Male,154.94,79.37866475,40.0,20.0
82.0,Female,170.18,117.9340162,10.0,0.0
69.0,Male,170.18,68.0388555,8.0,
80.0,Female,167.64000000000001,72.57477920000001,35.0,
44.0,Male,175.26,81.6466266,10.0,4.0
30.0,Male,172.72,104.32624510000001,3.0,0.0
46.0,Female,167.64000000000001,72.57477920000001,5.0,2.0
8.0,Male,144.78,31.751465900000003,12.0,6.0
42.0,Male,180.34,95.2543977,5.0,4.0
43.0,Female,154.94,61.23496995,12.0,
10.0,Male,124.46000000000001,40.8233133,10.0,8.0
8.0,Female,121.92,27.2155422,10.0,2.0
50.0,Male,154.94,81.6466266,10.0,40.0
47.0,Female,170.18,83.91458845000001,10.0,5.0
36.0,Male,185.42,98.88313666,7.0,1.0
32.0,Female,165.1,81.6466266,8.0,2.0
11.0,Male,154.94,38.10175908,6.0,8.0
1.0,Male,66.04,7.25747792,0.0,0.0
73.0,Female,162.56,74.84274105,5.0,0.0
68.0,Female,157.48000000000002,65.77089365,10.0,1.0
55.0,Male,175.26,106.14061458,4.0,0.0
53.0,Female,162.56,95.2543977,1.0,0.0
11.0,Male,162.56,40.8233133,10.0,10.0
29.0,Male,154.94,108.8621688,2.0,0.0
31.0,Female,165.1,113.3980925,2.0,0.0
6.0,Male,127.0,22.6796185,6.0,0.0
2.0,Female,63.5,11.33980925,0.0,0.0
72.0,Male,154.94,86.1825503,,
48.0,Female,160.02,52.61671492,21.0,5.0
49.0,Male,182.88,79.37866475,48.0,8.0
19.0,Female,157.48000000000002,56.69904625,1.0,0.0
17.0,Female,157.48000000000002,56.69904625,1.0,0.0
17.0,Female,157.48000000000002,56.69904625,1.0,0.0
50.0,Female,157.48000000000002,56.69904625,1.0,0.0
1.0,Male,58.42,10.886216880000001,,
76.0,Female,165.1,58.05982336,8.0,
54.0,Female,162.56,56.69904625,5.0,3.0
48.0,Male,185.42,117.9340162,50.0,2.0
80.0,Female,157.48000000000002,63.502931800000006,30.0,
63.0,Male,180.34,94.34721296000001,3.0,
63.0,Female,162.56,65.77089365,15.0,
69.0,Male,172.72,83.46099608,3.0,0.0
66.0,Female,162.56,63.04933943,3.0,0.0
67.0,Male,185.42,95.2543977,10.0,3.0
63.0,Female,154.94,72.57477920000001,15.0,3.0
61.0,Male,170.18,61.23496995,20.0,2.0
53.0,Male,180.34,90.718474,2.0,0.0
53.0,Male,175.26,77.1107029,4.0,2.0
83.0,Male,154.94,81.6466266,10.0,
49.0,Female,172.72,72.57477920000001,20.0,
56.0,Female,165.1,68.0388555,16.0,7.0
21.0,Female,162.56,58.9670081,21.0,7.0
60.0,Female,160.02,81.6466266,30.0,10.0
42.0,Male,185.42,79.37866475,80.0,20.0
9.0,Female,129.54,27.2155422,10.0,5.0
5.0,Female,109.22,21.772433760000002,5.0,5.0
64.0,Male,172.72,83.91458845000001,6.0,6.0
50.0,Female,165.1,70.30681735,12.0,
57.0,Male,182.88,81.6466266,10.0,10.0
10.0,Female,121.92,31.751465900000003,20.0,5.0
44.0,Male,172.72,77.1107029,5.0,
43.0,Female,167.64000000000001,65.77089365,4.0,
12.0,Male,157.48000000000002,36.287389600000004,2.0,
10.0,Male,152.4,29.48350405,3.0,
52.0,Male,198.12,99.79032140000001,6.0,3.0
49.0,Female,160.02,49.895160700000005,5.0,3.0
9.0,Female,142.24,31.751465900000003,10.0,5.0
7.0,Male,132.08,36.287389600000004,10.0,5.0
9.0,Female,142.24,36.287389600000004,10.0,5.0
65.0,Male,165.1,90.718474,11.0,
71.0,Male,152.4,92.98643585,30.0,
69.0,Female,152.4,50.34875307,,
43.0,Male,170.18,88.45051215000001,2.0,1.0
62.0,Female,160.02,99.79032140000001,4.0,2.0
51.0,Female,157.48000000000002,58.9670081,48.0,0.0
50.0,Male,182.88,82.55381134000001,8.0,40.0
50.0,Male,180.34,65.77089365,30.0,0.0
60.0,Male,170.18,77.1107029,15.0,0.0
61.0,Female,170.18,77.1107029,70.0,0.0
73.0,Male,187.96,124.73790175,5.0,0.0
72.0,Female,154.94,113.3980925,5.0,0.0
61.0,Male,175.26,72.57477920000001,40.0,3.0
56.0,Female,172.72,54.4310844,40.0,0.0
52.0,Female,165.1,58.9670081,16.0,5.0
13.0,Male,160.02,54.4310844,3.0,5.0
58.0,Male,180.34,86.1825503,2.0,0.0
56.0,Female,160.02,58.05982336,5.0,5.0
19.0,Female,160.02,49.895160700000005,6.0,6.0
43.0,Male,182.88,106.59420695,6.0,2.0
66.0,Female,157.48000000000002,74.84274105,3.0,
49.0,Female,165.1,47.62719885,9.0,
67.0,Male,180.34,77.56429527,7.0,0.0
66.0,Female,167.64000000000001,84.82177319,5.0,0.0
63.0,Male,180.34,86.1825503,4.0,
43.0,Male,182.88,83.91458845000001,10.0,1.0
35.0,Female,172.72,59.874192840000006,5.0,0.0
9.0,Male,144.78,39.916128560000004,15.0,5.0
4.0,Male,106.67999999999999,15.875732950000002,4.0,1.0
44.0,Female,172.72,65.77089365,30.0,3.0
42.0,Male,154.94,77.1107029,30.0,5.0
16.0,Male,182.88,58.9670081,30.0,10.0
12.0,Female,167.64000000000001,47.62719885,20.0,5.0
59.0,Male,175.26,83.91458845000001,40.0,4.0
40.0,Female,167.64000000000001,69.85322498000001,9.0,6.0
37.0,Male,185.42,98.42954429000001,9.0,7.0
8.0,Male,132.08,37.19457434,9.0,3.0
6.0,Male,121.92,28.12272694,9.0,3.0
40.0,Male,185.42,104.32624510000001,2.0,
49.0,Female,175.26,99.79032140000001,2.0,
8.0,Male,139.7,31.751465900000003,2.0,
3.0,Male,99.06,15.875732950000002,,
6.0,Female,121.92,20.41165665,2.0,
37.0,Male,154.94,90.718474,10.0,
35.0,Female,162.56,56.69904625,10.0,5.0
17.0,Male,172.72,56.69904625,20.0,10.0
13.0,Male,162.56,68.0388555,10.0,
8.0,Female,121.92,22.6796185,25.0,2.0
40.0,Female,162.56,58.9670081,14.0,1.0
41.0,Male,182.88,86.1825503,6.0,1.0
27.0,Female,190.5,117.9340162,6.0,0.0
58.0,Female,172.72,111.13013065000001,20.0,
59.0,Male,175.26,81.6466266,20.0,10.0
47.0,Male,182.88,104.32624510000001,10.0,40.0
48.0,Female,175.26,99.79032140000001,20.0,0.0
16.0,Female,172.72,79.37866475,10.0,6.0
40.0,Male,175.26,65.31730128000001,11.0,5.0
70.0,Female,160.02,98.88313666,0.0,0.0
32.0,Female,162.56,83.91458845000001,15.0,10.0
59.0,Female,167.64000000000001,58.9670081,10.0,10.0
60.0,Male,187.96,136.077711,12.0,4.0
75.0,Female,157.48000000000002,18.143694800000002,12.0,
57.0,Male,170.18,77.1107029,20.0,
56.0,Male,162.56,74.84274105,20.0,
24.0,Male,182.88,95.2543977,10.0,5.0
34.0,Male,175.26,74.84274105,40.0,
36.0,Female,167.64000000000001,81.6466266,30.0,
7.0,Male,124.46000000000001,19.50447191,6.0,
53.0,Male,185.42,79.37866475,5.0,5.0
46.0,Female,170.18,63.502931800000006,3.0,3.0
17.0,Female,172.72,49.895160700000005,2.0,3.0
12.0,Male,157.48000000000002,40.8233133,0.0,0.0
14.0,Female,124.46000000000001,36.287389600000004,10.0,10.0
41.0,Male,172.72,65.77089365,150.0,
43.0,Female,162.56,52.163122550000004,150.0,
19.0,Female,160.02,61.23496995,75.0,
13.0,Male,160.02,52.163122550000004,100.0,
17.0,Female,160.02,45.359237,75.0,
60.0,Male,172.72,95.2543977,10.0,
33.0,Male,175.26,77.1107029,5.0,2.0
31.0,Female,167.64000000000001,72.57477920000001,6.0,
3.0,Female,91.44,13.6077711,8.0,
0.05,Male,48.260000000000005,3.62873896,,
56.0,Female,162.56,83.46099608,15.0,0.0
34.0,Male,182.88,83.91458845000001,35.0,5.0
32.0,Female,180.34,58.9670081,35.0,5.0
6.0,Male,132.08,29.48350405,35.0,5.0
1.0,Female,81.28,12.70058636,35.0,0.0
65.0,Male,154.94,97.52235955,20.0,
64.0,Female,172.72,63.502931800000006,20.0,2.0
18.0,Female,162.56,112.94450013000001,4.0,4.0
6.0,Female,142.24,35.38020486,2.0,5.0
14.0,Female,172.72,90.718474,3.0,0.0
10.0,Female,152.4,39.46253619,2.0,5.0
17.0,Female,167.64000000000001,54.4310844,4.0,1.0
38.0,Female,154.94,144.24237366,4.0,
27.0,Male,185.42,80.73944186,40.0,10.0
25.0,Female,167.64000000000001,68.0388555,20.0,0.0
2.0,Male,91.44,13.6077711,20.0,0.0
33.0,Female,160.02,72.57477920000001,30.0,10.0
39.0,Male,182.88,83.91458845000001,6.0,5.0
76.0,Female,157.48000000000002,52.163122550000004,,
76.0,Male,185.42,86.1825503,,
47.0,Male,154.94,81.6466266,2.0,
42.0,Female,162.56,72.57477920000001,2.0,1.0
16.0,Female,160.02,57.60623099,4.0,4.0
8.0,Male,124.46000000000001,27.2155422,3.0,1.0
10.0,Female,139.7,40.8233133,3.0,2.0
57.0,Male,167.64000000000001,81.6466266,15.0,2.0
57.0,Female,152.4,63.502931800000006,20.0,2.0
57.0,Male,175.26,77.1107029,10.0,
46.0,Female,157.48000000000002,47.62719885,10.0,
9.0,Male,127.0,35.38020486,8.0,4.0
33.0,Male,182.88,124.73790175,,
32.0,Female,152.4,74.84274105,,
59.0,Male,182.88,108.8621688,10.0,
60.0,Female,160.02,68.0388555,15.0,
22.0,Male,180.34,113.3980925,10.0,
56.0,Male,172.72,86.1825503,8.0,1.0
52.0,Female,162.56,63.502931800000006,10.0,1.0
20.0,Male,175.26,56.69904625,12.0,4.0
44.0,Male,180.34,88.45051215000001,50.0,5.0
40.0,Female,172.72,91.17206637000001,10.0,0.0
17.0,Male,180.34,77.1107029,42.0,22.0
49.0,Female,162.56,74.38914868,24.0,
51.0,Male,175.26,78.01788764,14.0,7.0
40.0,Male,180.34,56.69904625,40.0,6.0
38.0,Female,157.48000000000002,63.502931800000006,20.0,4.0
11.0,Female,139.7,31.751465900000003,12.0,2.0
10.0,Male,142.24,43.09127515,10.0,2.0
67.0,Male,154.94,127.00586360000001,,
66.0,Female,182.88,108.8621688,15.0,
64.0,Male,182.88,86.1825503,30.0,
49.0,Male,190.5,102.05828325,,
22.0,Male,187.96,81.6466266,,
60.0,Male,180.34,86.1825503,30.0,0.0
57.0,Female,154.94,52.163122550000004,30.0,0.0
25.0,Male,180.34,90.718474,25.0,0.0
34.0,Female,167.64000000000001,81.6466266,7.0,
59.0,Male,182.88,113.3980925,6.0,
58.0,Female,165.1,90.718474,6.0,
43.0,Male,182.88,86.1825503,5.0,0.0
45.0,Female,172.72,86.1825503,6.0,0.0
15.0,Female,172.72,56.69904625,4.0,0.0
33.0,Female,160.02,74.84274105,8.0,
65.0,Male,172.72,77.1107029,1.0,1.0
78.0,Male,154.94,88.45051215000001,30.0,
79.0,Female,157.48000000000002,65.77089365,30.0,
70.0,Male,154.94,83.91458845000001,36.0,10.0
72.0,Female,157.48000000000002,68.0388555,18.0,0.0
65.0,Male,167.64000000000001,74.84274105,7.0,
63.0,Female,167.64000000000001,72.57477920000001,7.0,
62.0,Male,175.26,86.1825503,5.0,0.0
60.0,Female,172.72,77.1107029,5.0,0.0
38.0,Male,175.26,77.1107029,20.0,3.0
29.0,Female,157.48000000000002,52.163122550000004,20.0,
7.0,Female,124.46000000000001,20.41165665,10.0,2.0
3.0,Male,101.6,15.875732950000002,10.0,2.0
60.0,Male,190.5,98.88313666,2.0,
63.0,Female,167.64000000000001,68.0388555,,4.0
72.0,Female,167.64000000000001,79.37866475,6.0,
76.0,Male,172.72,80.28584949,5.0,
70.0,Female,152.4,44.45205226,30.0,
44.0,Male,154.94,108.8621688,,
54.0,Male,175.26,70.30681735,5.0,
53.0,Female,154.94,58.9670081,5.0,
60.0,Male,180.34,81.19303423000001,10.0,6.0
50.0,Female,154.94,79.37866475,8.0,6.0
24.0,Female,175.26,77.1107029,10.0,0.0
42.0,Male,154.94,88.45051215000001,40.0,
37.0,Female,167.64000000000001,95.2543977,15.0,
6.0,Female,134.62,24.947580350000003,3.0,
5.0,Male,104.14,16.78291769,3.0,
60.0,Female,152.4,77.1107029,3.0,0.0
60.0,Female,167.64000000000001,82.10021897,70.0,0.0
63.0,Male,182.88,81.19303423000001,56.0,0.0
44.0,Male,154.94,90.718474,10.0,2.0
43.0,Female,167.64000000000001,65.77089365,12.0,2.0
19.0,Female,167.64000000000001,72.57477920000001,14.0,2.0
16.0,Male,175.26,64.41011654,10.0,10.0
52.0,Male,154.94,81.6466266,14.0,6.0
51.0,Female,162.56,68.0388555,18.0,
53.0,Female,170.18,74.84274105,20.0,4.0
53.0,Male,154.94,81.6466266,30.0,4.0
13.0,Male,162.56,54.4310844,6.0,1.0
42.0,Female,160.02,53.523899660000005,2.0,3.0
16.0,Female,160.02,54.4310844,2.0,1.0
43.0,Male,195.57999999999998,104.32624510000001,2.0,10.0
45.0,Male,180.34,90.718474,3.0,3.0
32.0,Female,162.56,81.6466266,0.0,0.0
32.0,Male,180.34,83.91458845000001,14.0,2.0
33.0,Female,160.02,54.4310844,10.0,3.0
68.0,Male,182.88,81.6466266,40.0,5.0
66.0,Male,154.94,81.6466266,50.0,0.0
55.0,Male,154.94,72.57477920000001,84.0,8.0
43.0,Male,170.18,77.1107029,5.0,0.0
45.0,Female,165.1,61.23496995,10.0,0.0
37.0,Male,154.94,79.37866475,5.0,1.0
34.0,Female,167.64000000000001,58.9670081,5.0,5.0
52.0,Female,157.48000000000002,74.84274105,0.0,0.0
50.0,Female,154.94,77.1107029,40.0,5.0
15.0,Female,162.56,63.502931800000006,20.0,5.0
57.0,Male,175.26,81.6466266,10.0,2.0
56.0,Female,162.56,68.0388555,10.0,2.0
56.0,Male,187.96,88.45051215000001,40.0,10.0
61.0,Female,165.1,88.45051215000001,30.0,0.0
57.0,Male,167.64000000000001,81.6466266,40.0,10.0
55.0,Female,157.48000000000002,45.359237,40.0,20.0
25.0,Male,154.94,81.6466266,40.0,10.0
22.0,Female,162.56,58.9670081,40.0,20.0
64.0,Male,154.94,95.2543977,,
48.0,Male,154.94,104.32624510000001,80.0,2.0
46.0,Female,167.64000000000001,49.895160700000005,70.0,2.0
49.0,Male,190.5,127.00586360000001,3.0,1.0
47.0,Female,165.1,58.9670081,28.0,1.0
21.0,Female,182.88,79.37866475,1.0,12.0
17.0,Male,195.57999999999998,90.718474,40.0,10.0
48.0,Male,182.88,102.05828325,40.0,60.0
43.0,Female,154.94,68.0388555,20.0,10.0
16.0,Female,180.34,54.4310844,30.0,10.0
10.0,Male,139.7,34.01942775,30.0,4.0
51.0,Male,175.26,102.05828325,16.0,40.0
43.0,Male,154.94,83.91458845000001,6.0,6.0
45.0,Female,157.48000000000002,77.1107029,2.0,0.0
13.0,Female,157.48000000000002,47.62719885,4.0,4.0
6.0,Female,93.98,20.86524902,6.0,2.0
52.0,Male,154.94,95.70799007000001,8.0,1.0
51.0,Female,162.56,67.58526313,8.0,1.0
45.0,Male,182.88,81.6466266,6.0,12.0
43.0,Female,157.48000000000002,54.4310844,10.0,6.0
15.0,Female,154.94,49.895160700000005,4.0,0.0
12.0,Female,157.48000000000002,43.09127515,4.0,4.0
77.0,Male,172.72,75.74992579,5.0,
75.0,Female,162.56,59.874192840000006,25.0,
62.0,Female,160.02,86.1825503,6.0,
64.0,Female,175.26,65.77089365,32.0,38.0
66.0,Male,182.88,81.6466266,42.0,30.0
66.0,Female,162.56,70.30681735,10.0,
60.0,Male,170.18,86.1825503,10.0,
78.0,Female,162.56,77.1107029,1.0,0.0
49.0,Male,154.94,108.8621688,6.0,2.0
48.0,Female,157.48000000000002,72.57477920000001,4.0,2.0
16.0,Male,180.34,99.79032140000001,10.0,10.0
47.0,Male,154.94,86.1825503,10.0,4.0
44.0,Female,172.72,63.502931800000006,5.0,2.0
21.0,Male,182.88,90.718474,4.0,0.0
76.0,Female,157.48000000000002,48.08079122,,
79.0,Male,172.72,77.1107029,,
63.0,Male,180.34,83.91458845000001,10.0,7.0
62.0,Female,165.1,58.05982336,10.0,12.0
32.0,Female,170.18,63.502931800000006,20.0,3.0
31.0,Male,154.94,79.37866475,20.0,10.0
61.0,Male,154.94,75.29633342000001,20.0,3.0
52.0,Female,154.94,48.534383590000004,30.0,5.0
59.0,Female,162.56,56.69904625,20.0,
59.0,Male,180.34,158.7573295,50.0,10.0
65.0,Male,154.94,88.45051215000001,21.0,0.0
65.0,Female,162.56,54.4310844,21.0,0.0
59.0,Male,180.34,99.79032140000001,10.0,2.0
57.0,Female,157.48000000000002,54.4310844,15.0,1.0
67.0,Male,154.94,104.32624510000001,6.0,
64.0,Female,172.72,81.6466266,6.0,
67.0,Male,154.94,102.05828325,10.0,0.0
63.0,Male,175.26,88.45051215000001,,1.0
57.0,Male,180.34,86.1825503,7.0,12.0
48.0,Female,152.4,86.1825503,3.0,5.0
44.0,Female,162.56,63.502931800000006,10.0,4.0
54.0,Male,154.94,77.1107029,50.0,5.0
33.0,Male,172.72,71.66759446,4.0,2.0
82.0,Male,154.94,92.98643585,20.0,
86.0,Female,157.48000000000002,58.9670081,20.0,
53.0,Female,165.1,83.91458845000001,20.0,
54.0,Male,185.42,90.718474,3.0,0.0
48.0,Female,170.18,79.37866475,2.0,0.0
18.0,Female,167.64000000000001,56.69904625,2.0,5.0
16.0,Female,154.94,56.69904625,2.0,1.0
72.0,Male,165.1,76.20351816,30.0,2.0
70.0,Female,165.1,78.01788764,30.0,2.0
37.0,Male,182.88,92.98643585,,
32.0,Female,160.02,51.70953018,,3.0
4.0,Female,73.66,14.51495584,,
40.0,Male,170.18,74.84274105,20.0,10.0
39.0,Female,154.94,63.502931800000006,20.0,15.0
10.0,Male,124.46000000000001,27.2155422,20.0,5.0
7.0,Female,93.98,18.143694800000002,20.0,5.0
43.0,Male,187.96,86.1825503,10.0,10.0
46.0,Female,154.94,70.30681735,10.0,0.0
20.0,Male,154.94,99.79032140000001,10.0,5.0
17.0,Female,154.94,65.77089365,8.0,0.0
18.0,Female,172.72,63.502931800000006,10.0,10.0
38.0,Female,167.64000000000001,68.0388555,2.0,1.0
43.0,Female,167.64000000000001,68.0388555,10.0,3.0
17.0,Female,162.56,71.66759446,4.0,1.0
42.0,Female,160.02,72.57477920000001,20.0,12.0
45.0,Male,154.94,92.07925111,12.0,
5.0,Male,121.92,23.133210870000003,15.0,
45.0,Female,165.1,58.9670081,,
21.0,Male,152.4,77.1107029,,
18.0,Female,154.94,52.163122550000004,,
30.0,Male,180.34,74.84274105,20.0,10.0
31.0,Male,165.1,56.69904625,4.0,3.0
5.0,Female,106.67999999999999,17.23651006,7.0,0.0
2.0,Male,96.52,13.6077711,7.0,0.0
32.0,Male,175.26,97.52235955,60.0,5.0
33.0,Female,157.48000000000002,72.57477920000001,40.0,5.0
70.0,Male,180.34,86.1825503,50.0,0.0
68.0,Female,170.18,61.23496995,60.0,0.0
37.0,Male,182.88,83.91458845000001,20.0,0.0
31.0,Male,185.42,108.8621688,3.0,2.0
31.0,Female,167.64000000000001,70.30681735,3.0,2.0
7.0,Female,142.24,24.947580350000003,10.0,4.0
3.0,Female,121.92,18.143694800000002,7.0,4.0
1.0,Male,60.96,4.082331330000001,,
58.0,Male,170.18,83.91458845000001,10.0,1.0
56.0,Female,162.56,79.37866475,5.0,1.0
60.0,Male,182.88,99.79032140000001,6.0,1.0
58.0,Female,172.72,72.57477920000001,2.0,0.0
26.0,Male,170.18,63.502931800000006,10.0,2.0
59.0,Male,154.94,77.1107029,40.0,5.0
51.0,Male,154.94,81.6466266,2.0,2.0
48.0,Female,157.48000000000002,63.502931800000006,25.0,
27.0,Female,162.56,58.9670081,4.0,3.0
26.0,Male,154.94,95.2543977,11.0,
56.0,Female,162.56,90.718474,5.0,2.0
57.0,Male,175.26,135.17052626,15.0,
20.0,Female,154.94,99.79032140000001,20.0,20.0
19.0,Female,167.64000000000001,58.05982336,20.0,20.0
66.0,Male,154.94,74.84274105,3.0,2.0
66.0,Female,165.1,55.791861510000004,10.0,0.0
34.0,Male,175.26,58.9670081,10.0,5.0
9.0,Male,121.92,45.359237,3.0,0.0
6.0,Male,114.3,21.772433760000002,5.0,0.0
12.0,Female,139.7,45.359237,3.0,0.0
42.0,Male,185.42,108.8621688,8.0,2.0
12.0,Male,162.56,50.80234544,7.0,7.0
32.0,Female,167.64000000000001,90.718474,8.0,
13.0,Male,167.64000000000001,59.874192840000006,7.0,7.0
12.0,Male,167.64000000000001,54.4310844,7.0,7.0
11.0,Male,152.4,36.287389600000004,7.0,7.0
2.0,Male,83.82,10.43262451,7.0,
78.0,Female,167.64000000000001,108.8621688,3.0,3.0
14.0,Female,162.56,54.4310844,3.0,4.0
12.0,Male,157.48000000000002,45.359237,3.0,5.0
11.0,Female,154.94,45.359237,3.0,4.0
65.0,Male,182.88,102.05828325,6.0,0.0
65.0,Female,160.02,74.84274105,2.0,0.0
82.0,Male,172.72,73.48196394,5.0,
85.0,Female,160.02,75.29633342000001,5.0,
48.0,Male,175.26,65.77089365,,14.0
74.0,Male,154.94,81.6466266,20.0,
71.0,Female,157.48000000000002,90.718474,20.0,
79.0,Male,182.88,68.0388555,,
74.0,Female,162.56,60.781377580000004,,
45.0,Male,172.72,97.52235955,35.0,0.0
41.0,Female,165.1,81.6466266,35.0,0.0
16.0,Male,154.94,72.57477920000001,40.0,10.0
11.0,Male,149.86,33.11224301,40.0,10.0
54.0,Male,182.88,88.45051215000001,33.0,
40.0,Female,172.72,70.30681735,3.0,
16.0,Female,160.02,40.8233133,5.0,
47.0,Male,175.26,104.32624510000001,6.0,
50.0,Female,162.56,72.57477920000001,5.0,
18.0,Male,180.34,70.30681735,5.0,10.0
13.0,Female,152.4,63.502931800000006,3.0,10.0
62.0,Female,157.48000000000002,64.41011654,3.0,
43.0,Female,170.18,55.791861510000004,10.0,5.0
23.0,Male,182.88,79.37866475,15.0,10.0
59.0,Female,152.4,77.1107029,5.0,0.0
35.0,Male,170.18,61.23496995,5.0,0.0
61.0,Male,167.64000000000001,70.30681735,5.0,3.0
71.0,Male,187.96,78.92507238,9.0,
67.0,Female,167.64000000000001,77.1107029,9.0,
49.0,Male,182.88,77.1107029,10.0,0.0
43.0,Male,175.26,72.57477920000001,80.0,0.0
24.0,Female,175.26,90.718474,70.0,0.0
59.0,Male,170.18,102.05828325,2.0,
64.0,Female,154.94,62.59574706,2.0,
27.0,Female,154.94,54.4310844,5.0,5.0
71.0,Male,182.88,81.6466266,60.0,
40.0,Male,185.42,97.52235955,40.0,1.0
38.0,Female,175.26,79.37866475,30.0,1.0
21.0,Female,175.26,58.9670081,25.0,2.0
5.0,Male,121.92,22.6796185,30.0,5.0
93.0,Female,152.4,74.84274105,,
75.0,Male,185.42,117.9340162,3.0,
75.0,Female,154.94,53.07030729,13.0,
84.0,Male,172.72,97.52235955,15.0,
52.0,Male,190.5,102.05828325,10.0,3.0
48.0,Female,175.26,72.57477920000001,10.0,10.0
21.0,Female,182.88,95.2543977,3.0,5.0
15.0,Female,167.64000000000001,61.23496995,6.0,12.0
17.0,Female,167.64000000000001,63.502931800000006,4.0,8.0
30.0,Male,154.94,86.1825503,20.0,10.0
28.0,Female,162.56,72.57477920000001,40.0,15.0
2.0,Male,60.96,12.24699399,,
1.0,Female,66.04,10.886216880000001,,
59.0,Female,165.1,83.91458845000001,5.0,1.0
32.0,Male,187.96,129.27382545,4.0,2.0
30.0,Female,160.02,77.1107029,5.0,4.0
4.0,Male,106.67999999999999,19.50447191,4.0,2.0
2.0,Female,78.74000000000001,12.70058636,4.0,2.0
52.0,Female,167.64000000000001,54.4310844,25.0,6.0
54.0,Male,190.5,120.20197805000001,3.0,3.0
17.0,Female,170.18,54.4310844,6.0,6.0
19.0,Female,160.02,63.502931800000006,20.0,12.0
54.0,Male,180.34,82.55381134000001,8.0,0.0
55.0,Female,165.1,68.0388555,8.0,0.0
24.0,Male,180.34,88.45051215000001,5.0,0.0
48.0,Male,180.34,108.8621688,3.0,
46.0,Female,180.34,72.57477920000001,3.0,
17.0,Female,172.72,58.9670081,6.0,
75.0,Male,175.26,95.2543977,1.0,
14.0,Male,180.34,106.59420695,2.0,
54.0,Male,175.26,92.98643585,20.0,6.0
54.0,Female,160.02,56.24545388,14.0,3.0
24.0,Male,182.88,86.1825503,20.0,6.0
19.0,Male,154.94,68.0388555,24.0,10.0
65.0,Male,180.34,106.59420695,3.0,1.0
61.0,Female,165.1,63.502931800000006,1.0,0.0
9.0,Female,162.56,58.9670081,0.0,0.0
43.0,Male,154.94,81.6466266,20.0,2.0
39.0,Female,165.1,65.77089365,20.0,6.0
7.0,Male,106.67999999999999,20.41165665,0.0,0.0
3.0,Female,91.44,12.24699399,0.0,0.0
1.0,Female,81.28,11.33980925,0.0,0.0
18.0,Male,172.72,79.37866475,20.0,
22.0,Female,162.56,63.502931800000006,25.0,
46.0,Male,167.64000000000001,68.0388555,40.0,
39.0,Female,157.48000000000002,58.9670081,40.0,
48.0,Male,190.5,99.79032140000001,30.0,20.0
49.0,Female,165.1,62.59574706,10.0,5.0
19.0,Female,165.1,52.163122550000004,0.0,0.0
42.0,Male,180.34,88.45051215000001,1.0,2.0
9.0,Male,129.54,32.658650640000005,2.0,
46.0,Male,154.94,90.718474,10.0,2.0
46.0,Female,165.1,49.895160700000005,10.0,0.0
15.0,Female,162.56,40.8233133,21.0,2.0
13.0,Female,162.56,36.287389600000004,21.0,0.0
66.0,Male,180.34,104.32624510000001,30.0,
63.0,Female,154.94,67.13167076,7.0,
73.0,Male,180.34,77.1107029,30.0,5.0
48.0,Female,167.64000000000001,63.502931800000006,40.0,2.0
9.0,Female,127.0,31.751465900000003,30.0,2.0
7.0,Male,93.98,24.947580350000003,30.0,2.0
47.0,Male,172.72,72.57477920000001,35.0,2.0
30.0,Female,160.02,58.9670081,3.0,0.0
31.0,Male,175.26,68.0388555,50.0,30.0
67.0,Male,172.72,74.84274105,10.0,
61.0,Male,180.34,99.79032140000001,3.0,0.0
53.0,Female,165.1,65.77089365,20.0,0.0
41.0,Female,157.48000000000002,56.69904625,17.0,4.0
42.0,Female,162.56,79.37866475,15.0,
14.0,Female,167.64000000000001,45.359237,15.0,
13.0,Male,154.94,34.01942775,10.0,
42.0,Male,175.26,90.718474,8.0,3.0
41.0,Female,165.1,72.57477920000001,15.0,4.0
11.0,Male,152.4,43.09127515,12.0,6.0
8.0,Female,137.16,33.56583538,10.0,4.0
60.0,Male,172.72,72.57477920000001,2.0,
53.0,Female,154.94,77.1107029,32.0,
37.0,Female,162.56,113.3980925,5.0,0.0
9.0,Female,149.86,41.276905670000005,10.0,0.0
63.0,Female,162.56,79.37866475,15.0,
65.0,Male,154.94,83.91458845000001,3.0,
64.0,Male,180.34,82.10021897,5.0,2.0
64.0,Female,160.02,53.523899660000005,2.0,
26.0,Male,154.94,63.502931800000006,80.0,20.0
23.0,Female,172.72,58.9670081,20.0,7.0
68.0,Male,154.94,74.38914868,18.0,1.0
65.0,Female,170.18,80.73944186,2.0,0.0
49.0,Female,172.72,72.57477920000001,4.0,0.0
33.0,Female,162.56,54.4310844,,
58.0,Female,167.64000000000001,61.23496995,28.0,8.0
85.0,Female,160.02,68.0388555,,
80.0,Female,165.1,58.9670081,20.0,0.0
48.0,Female,172.72,95.2543977,5.0,0.0
47.0,Male,180.34,104.32624510000001,1.0,40.0
17.0,Male,187.96,63.502931800000006,2.0,35.0
12.0,Male,149.86,61.23496995,6.0,30.0
45.0,Male,182.88,90.718474,5.0,3.0
44.0,Female,172.72,68.0388555,5.0,3.0
11.0,Male,142.24,31.751465900000003,15.0,10.0
6.0,Female,93.98,15.875732950000002,10.0,5.0
64.0,Male,154.94,81.6466266,50.0,6.0
59.0,Female,157.48000000000002,58.05982336,32.0,4.0
76.0,Male,154.94,90.718474,7.0,0.0
77.0,Female,160.02,74.84274105,5.0,0.0
37.0,Female,167.64000000000001,97.52235955,5.0,
39.0,Male,185.42,86.1825503,3.0,
12.0,Male,152.4,31.751465900000003,5.0,1.0
4.0,Male,99.06,15.875732950000002,10.0,1.0
2.0,Male,68.58,9.979032140000001,10.0,
10.0,Female,129.54,20.41165665,2.0,
42.0,Male,154.94,113.3980925,50.0,5.0
36.0,Female,165.1,113.3980925,20.0,0.0
1.0,Male,71.12,8.164662660000001,0.0,0.0
44.0,Male,182.88,81.6466266,10.0,40.0
42.0,Female,167.64000000000001,77.1107029,10.0,2.0
16.0,Male,172.72,63.502931800000006,2.0,4.0
14.0,Female,152.4,56.69904625,2.0,0.0
68.0,Male,180.34,86.1825503,10.0,10.0
69.0,Female,152.4,63.502931800000006,2.0,0.0
57.0,Female,162.56,72.57477920000001,5.0,5.0
57.0,Male,180.34,78.47148001000001,40.0,16.0
33.0,Male,154.94,97.52235955,70.0,4.0
32.0,Female,162.56,58.9670081,70.0,7.0
69.0,Male,187.96,104.32624510000001,7.0,3.0
64.0,Female,157.48000000000002,56.69904625,27.0,7.0
39.0,Male,175.26,77.1107029,56.0,4.0
38.0,Female,157.48000000000002,51.255937810000006,40.0,0.0
31.0,Female,175.26,65.77089365,,
31.0,Male,185.42,90.718474,,
8.0,Male,129.54,31.751465900000003,20.0,20.0
6.0,Male,124.46000000000001,29.48350405,20.0,20.0
32.0,Male,172.72,74.84274105,2.0,
33.0,Female,157.48000000000002,65.77089365,2.0,
2.0,Female,60.96,10.886216880000001,10.0,
42.0,Female,157.48000000000002,63.502931800000006,15.0,0.0
9.0,Female,121.92,31.751465900000003,15.0,10.0
56.0,Male,154.94,99.79032140000001,3.0,2.0
55.0,Female,162.56,72.57477920000001,3.0,2.0
57.0,Male,154.94,117.9340162,6.0,0.0
61.0,Female,157.48000000000002,72.57477920000001,3.0,0.0
37.0,Male,182.88,90.718474,60.0,10.0
34.0,Female,160.02,74.84274105,56.0,3.0
9.0,Male,149.86,58.9670081,35.0,14.0
5.0,Male,121.92,22.22602613,35.0,14.0
7.0,Female,121.92,26.30835746,35.0,14.0
63.0,Male,195.57999999999998,83.91458845000001,10.0,3.0
62.0,Female,170.18,68.0388555,10.0,3.0
58.0,Male,180.34,83.91458845000001,20.0,2.0
54.0,Male,185.42,83.91458845000001,5.0,2.0
44.0,Female,157.48000000000002,53.523899660000005,12.0,0.0
19.0,Female,170.18,58.9670081,5.0,0.0
18.0,Male,182.88,77.1107029,12.0,
43.0,Male,185.42,104.32624510000001,2.0,0.0
43.0,Female,154.94,74.84274105,4.0,0.0
11.0,Male,160.02,58.9670081,4.0,2.0
8.0,Female,144.78,34.01942775,4.0,2.0
12.0,Male,152.4,51.255937810000006,5.0,0.0
7.0,Female,137.16,27.2155422,20.0,5.0
59.0,Male,187.96,129.72741782,3.0,
54.0,Female,170.18,78.92507238,3.0,
36.0,Male,180.34,99.79032140000001,10.0,0.0
32.0,Female,170.18,86.1825503,20.0,10.0
61.0,Male,182.88,100.69750614,10.0,0.0
57.0,Female,165.1,59.420600470000004,10.0,
50.0,Male,172.72,97.52235955,50.0,6.0
55.0,Female,165.1,72.57477920000001,21.0,3.0
46.0,Male,180.34,90.718474,19.0,1.0
46.0,Female,162.56,77.1107029,8.0,1.0
54.0,Female,154.94,90.718474,5.0,
23.0,Male,190.5,81.6466266,5.0,
54.0,Male,180.34,70.30681735,4.0,42.0
50.0,Female,162.56,68.0388555,30.0,4.0
19.0,Female,170.18,65.77089365,30.0,8.0
4.0,Male,106.67999999999999,19.50447191,40.0,1.0
48.0,Female,172.72,72.57477920000001,20.0,2.0
35.0,Male,185.42,77.1107029,10.0,5.0
35.0,Female,175.26,68.0388555,20.0,5.0
5.0,Male,124.46000000000001,22.6796185,10.0,5.0
3.0,Female,104.14,18.143694800000002,10.0,5.0
3.0,Female,104.14,18.143694800000002,10.0,5.0
51.0,Female,167.64000000000001,68.0388555,10.0,
62.0,Male,154.94,90.718474,18.0,0.0
61.0,Female,160.02,58.05982336,24.0,0.0
49.0,Male,172.72,86.1825503,60.0,20.0
45.0,Female,160.02,54.4310844,25.0,0.0
49.0,Female,172.72,68.0388555,10.0,
50.0,Male,180.34,104.32624510000001,8.0,6.0
19.0,Male,187.96,77.1107029,3.0,
25.0,Male,190.5,104.32624510000001,30.0,15.0
20.0,Female,167.64000000000001,90.718474,8.0,
0.0,Female,106.67999999999999,17.69010243,,
52.0,Male,182.88,122.4699399,1.0,0.0
51.0,Female,162.56,81.6466266,1.0,0.0
20.0,Male,195.57999999999998,93.89362059,6.0,4.0
51.0,Male,162.56,65.77089365,4.0,
46.0,Female,154.94,48.534383590000004,1.0,
22.0,Male,170.18,79.37866475,0.0,
18.0,Female,152.4,49.895160700000005,1.0,2.0
60.0,Male,182.88,94.34721296000001,25.0,3.0
59.0,Female,160.02,54.4310844,25.0,2.0
67.0,Male,162.56,65.77089365,10.0,
67.0,Female,160.02,54.4310844,10.0,
45.0,Male,190.5,111.13013065000001,3.0,2.0
45.0,Female,170.18,68.0388555,4.0,0.0
15.0,Male,187.96,81.6466266,3.0,10.0
12.0,Female,152.4,45.359237,3.0,10.0
38.0,Male,185.42,81.6466266,0.0,0.0
38.0,Female,172.72,74.84274105,10.0,
8.0,Male,127.0,22.6796185,10.0,
50.0,Male,167.64000000000001,92.07925111,50.0,6.0
49.0,Female,162.56,95.2543977,30.0,30.0
15.0,Male,170.18,83.91458845000001,20.0,10.0
28.0,Male,170.18,108.8621688,35.0,
65.0,Female,162.56,65.77089365,25.0,3.0
73.0,Male,175.26,83.91458845000001,20.0,4.0
53.0,Female,152.4,61.23496995,6.0,
18.0,Female,162.56,58.9670081,4.0,
14.0,Female,172.72,56.69904625,8.0,
52.0,Female,157.48000000000002,44.45205226,2.0,1.0
19.0,Male,175.26,58.9670081,2.0,1.0
17.0,Male,154.94,68.0388555,1.0,2.0
52.0,Male,154.94,74.84274105,1.0,2.0
47.0,Male,182.88,83.91458845000001,20.0,20.0
44.0,Female,162.56,45.359237,25.0,4.0
9.0,Female,134.62,23.133210870000003,20.0,6.0
7.0,Male,121.92,17.69010243,20.0,20.0
47.0,Male,180.34,97.52235955,5.0,2.0
56.0,Male,154.94,95.2543977,10.0,10.0
48.0,Female,162.56,63.502931800000006,15.0,
21.0,Female,162.56,52.163122550000004,10.0,
19.0,Female,160.02,52.163122550000004,10.0,5.0
37.0,Male,187.96,127.00586360000001,3.0,0.0
35.0,Female,165.1,122.4699399,0.0,0.0
1.0,Female,162.56,65.77089365,3.0,0.0
11.0,Female,157.48000000000002,74.84274105,3.0,0.0
7.0,Female,129.54,31.751465900000003,3.0,0.0
55.0,Male,175.26,97.52235955,4.0,0.0
53.0,Female,154.94,53.523899660000005,3.0,0.0
41.0,Male,185.42,79.37866475,3.0,3.0
41.0,Female,152.4,53.523899660000005,6.0,7.0
12.0,Female,154.94,36.74098197,7.0,4.0
29.0,Male,195.57999999999998,104.32624510000001,5.0,3.0
37.0,Female,167.64000000000001,68.0388555,7.0,1.0
1.0,Male,53.34,10.886216880000001,14.0,0.0
71.0,Male,172.72,90.718474,30.0,
46.0,Male,185.42,95.2543977,12.0,4.0
51.0,Female,160.02,63.502931800000006,6.0,2.0
25.0,Male,167.64000000000001,68.0388555,12.0,6.0
42.0,Male,182.88,92.98643585,5.0,2.0
39.0,Female,162.56,65.77089365,5.0,4.0
9.0,Female,121.92,39.00894382,5.0,6.0
49.0,Male,193.04,111.13013065000001,20.0,0.0
43.0,Female,170.18,77.1107029,20.0,0.0
15.0,Male,187.96,86.1825503,40.0,10.0
8.0,Male,134.62,38.55535145,40.0,10.0
12.0,Female,152.4,49.895160700000005,40.0,10.0
70.0,Male,182.88,167.82917690000002,10.0,
75.0,Male,154.94,104.77983747,30.0,0.0
70.0,Female,152.4,63.502931800000006,32.0,0.0
83.0,Female,165.1,62.59574706,12.0,4.0
65.0,Male,180.34,83.91458845000001,4.0,4.0
63.0,Female,162.56,76.20351816,2.0,4.0
75.0,Female,154.94,58.9670081,40.0,25.0
74.0,Female,170.18,95.2543977,4.0,0.0
60.0,Male,187.96,108.8621688,10.0,
59.0,Female,170.18,68.0388555,30.0,
66.0,Female,167.64000000000001,65.77089365,14.0,
75.0,Male,182.88,81.6466266,7.0,
82.0,Male,193.04,72.57477920000001,40.0,0.0
75.0,Female,167.64000000000001,54.4310844,30.0,0.0
55.0,Female,162.56,65.77089365,4.0,
22.0,Female,157.48000000000002,45.359237,2.0,4.0
26.0,Male,165.1,65.77089365,2.0,
23.0,Female,165.1,56.69904625,20.0,20.0
79.0,Male,154.94,99.79032140000001,14.0,
66.0,Female,165.1,90.718474,10.0,4.0
58.0,Male,185.42,94.34721296000001,45.0,
50.0,Female,167.64000000000001,65.77089365,25.0,
82.0,Male,175.26,77.1107029,5.0,
70.0,Male,154.94,111.13013065000001,6.0,1.0
78.0,Male,190.5,136.077711,20.0,0.0
80.0,Female,162.56,81.6466266,5.0,0.0
84.0,Male,162.56,83.91458845000001,5.0,0.0
79.0,Female,165.1,124.73790175,2.0,
26.0,Female,175.26,79.37866475,12.0,3.0
26.0,Male,175.26,77.1107029,12.0,3.0
80.0,Male,162.56,72.57477920000001,14.0,3.0
76.0,Female,157.48000000000002,52.163122550000004,14.0,3.0
77.0,Male,175.26,84.82177319,17.0,
72.0,Male,175.26,76.20351816,20.0,6.0
56.0,Male,154.94,81.6466266,2.0,
21.0,Female,172.72,79.37866475,,3.0
55.0,Female,170.18,90.718474,4.0,1.0
21.0,Male,182.88,81.6466266,,3.0
61.0,Male,190.5,96.16158244,12.0,6.0
48.0,Female,162.56,52.163122550000004,8.0,
48.0,Male,154.94,81.6466266,10.0,
41.0,Male,180.34,72.57477920000001,4.0,4.0
60.0,Male,185.42,97.52235955,8.0,10.0
57.0,Female,160.02,70.30681735,4.0,2.0
30.0,Female,165.1,61.23496995,4.0,2.0
74.0,Male,172.72,78.01788764,,
67.0,Male,157.48000000000002,83.91458845000001,,
54.0,Female,175.26,86.1825503,15.0,0.0
71.0,Male,182.88,115.66605435000001,0.0,0.0
71.0,Female,165.1,86.1825503,4.0,4.0
81.0,Male,154.94,72.57477920000001,8.0,
79.0,Female,152.4,66.22448602,8.0,
63.0,Female,152.4,49.895160700000005,40.0,
50.0,Female,172.72,72.57477920000001,5.0,2.0
73.0,Male,172.72,63.502931800000006,60.0,
69.0,Female,152.4,48.08079122,56.0,
45.0,Female,172.72,81.6466266,35.0,5.0
48.0,Male,182.88,108.8621688,,
46.0,Male,185.42,86.1825503,5.0,2.0
37.0,Female,175.26,72.57477920000001,2.0,0.0
17.0,Male,154.94,77.1107029,10.0,2.0
6.0,Female,137.16,20.41165665,5.0,0.0
73.0,Male,154.94,90.718474,30.0,7.0
70.0,Female,165.1,72.57477920000001,50.0,
49.0,Male,193.04,90.718474,40.0,10.0
53.0,Female,165.1,73.93555631000001,20.0,2.0
14.0,Male,162.56,63.502931800000006,10.0,5.0
71.0,Female,157.48000000000002,47.62719885,12.0,0.0
55.0,Male,182.88,95.2543977,2.0,
91.0,Male,170.18,72.57477920000001,2.0,0.0
87.0,Female,162.56,52.163122550000004,3.0,0.0
65.0,Male,182.88,95.2543977,,4.0
65.0,Female,165.1,86.1825503,1.0,
84.0,Female,152.4,56.69904625,30.0,0.0
33.0,Male,180.34,88.45051215000001,2.0,2.0
60.0,Female,157.48000000000002,84.36818082,28.0,0.0
71.0,Male,154.94,90.718474,5.0,2.0
70.0,Female,167.64000000000001,77.1107029,6.0,2.0
50.0,Male,182.88,83.91458845000001,10.0,1.0
58.0,Female,157.48000000000002,40.8233133,84.0,5.0
77.0,Female,154.94,54.4310844,10.0,
42.0,Female,162.56,86.63614267,15.0,1.0
19.0,Female,157.48000000000002,62.59574706,15.0,5.0
18.0,Male,187.96,71.21400209000001,15.0,5.0
85.0,Male,154.94,76.20351816,,
31.0,Male,175.26,77.1107029,20.0,4.0
30.0,Female,170.18,65.77089365,3.0,2.0
15.0,Female,180.34,54.4310844,2.0,
37.0,Female,180.34,65.77089365,1.0,
44.0,Male,187.96,81.6466266,1.0,
13.0,Male,170.18,49.895160700000005,2.0,
11.0,Unknown,160.02,45.359237,2.0,
9.0,Female,142.24,40.8233133,2.0,
7.0,Unknown,121.92,22.6796185,2.0,
46.0,Female,167.64000000000001,81.6466266,20.0,1.0
41.0,Male,154.94,99.79032140000001,15.0,1.0
79.0,Female,154.94,79.37866475,2.0,0.0
46.0,Female,162.56,61.68856232,6.0,3.0
19.0,Female,160.02,54.4310844,3.0,0.0
49.0,Female,162.56,64.41011654,10.0,0.0
16.0,Male,154.94,77.1107029,5.0,0.0
13.0,Male,180.34,77.1107029,7.0,0.0
54.0,Male,167.64000000000001,58.9670081,5.0,0.0
28.0,Female,167.64000000000001,61.23496995,8.0,8.0
28.0,Male,175.26,70.30681735,8.0,15.0
60.0,Male,172.72,68.0388555,16.0,10.0
60.0,Female,165.1,56.69904625,20.0,2.0
30.0,Male,175.26,90.718474,30.0,5.0
2.0,Male,60.96,11.33980925,40.0,40.0
56.0,Male,180.34,90.718474,20.0,6.0
56.0,Male,187.96,95.2543977,22.0,2.0
55.0,Female,157.48000000000002,52.163122550000004,21.0,2.0
46.0,Male,182.88,81.6466266,20.0,5.0
46.0,Female,170.18,108.8621688,15.0,
8.0,Female,132.08,23.586803240000002,20.0,2.0
90.0,Male,132.08,45.359237,3.0,0.0
52.0,Female,172.72,81.6466266,7.0,3.0
88.0,Female,157.48000000000002,56.24545388,7.0,0.0
35.0,Male,187.96,87.08973504000001,4.0,1.0
34.0,Female,170.18,63.502931800000006,14.0,0.0
3.0,Male,104.14,16.78291769,40.0,0.0
79.0,Male,175.26,72.57477920000001,100.0,
77.0,Female,165.1,70.30681735,100.0,
31.0,Male,187.96,85.27536556,3.0,0.0
28.0,Female,172.72,83.91458845000001,3.0,3.0
50.0,Female,157.48000000000002,65.77089365,20.0,2.0
51.0,Female,172.72,79.37866475,10.0,
44.0,Male,175.26,65.77089365,5.0,
60.0,Female,172.72,81.6466266,70.0,10.0
74.0,Female,149.86,56.69904625,28.0,
57.0,Male,154.94,83.91458845000001,5.0,
46.0,Female,157.48000000000002,81.6466266,2.0,
24.0,Female,157.48000000000002,49.895160700000005,2.0,2.0
16.0,Male,154.94,74.84274105,1.0,5.0
18.0,Female,152.4,45.359237,1.0,5.0
38.0,Male,182.88,90.718474,3.0,2.0
27.0,Female,175.26,70.30681735,6.0,1.0
27.0,Male,185.42,77.1107029,6.0,1.0
70.0,Male,180.34,90.718474,10.0,
67.0,Female,154.94,113.3980925,10.0,
56.0,Male,185.42,117.9340162,40.0,40.0
47.0,Female,172.72,104.32624510000001,80.0,
23.0,Female,162.56,68.0388555,80.0,
28.0,Male,175.26,72.57477920000001,80.0,10.0
21.0,Female,152.4,58.9670081,80.0,20.0
85.0,Male,167.64000000000001,70.76040972,12.0,
34.0,Female,175.26,74.84274105,4.0,0.0
65.0,Male,175.26,79.37866475,40.0,8.0
60.0,Male,180.34,82.55381134000001,10.0,
38.0,Female,175.26,83.91458845000001,4.0,2.0
17.0,Male,182.88,67.13167076,18.0,10.0
13.0,Male,154.94,45.81282937,50.0,20.0
11.0,Female,124.46000000000001,44.45205226,10.0,3.0
41.0,Male,187.96,102.05828325,6.0,1.0
71.0,Female,154.94,88.45051215000001,25.0,0.0
51.0,Female,170.18,65.77089365,5.0,
62.0,Male,175.26,81.6466266,10.0,3.0
63.0,Female,157.48000000000002,83.91458845000001,20.0,10.0
70.0,Male,154.94,88.45051215000001,7.0,
70.0,Female,160.02,83.91458845000001,10.0,
60.0,Male,182.88,88.45051215000001,5.0,5.0
56.0,Female,157.48000000000002,53.97749203,5.0,5.0
71.0,Female,154.94,72.57477920000001,7.0,
63.0,Male,170.18,72.57477920000001,20.0,
61.0,Female,160.02,70.30681735,10.0,
65.0,Male,175.26,86.1825503,30.0,8.0
63.0,Female,162.56,68.0388555,30.0,
28.0,Female,154.94,49.895160700000005,40.0,0.0
6.0,Female,93.98,16.329325320000002,28.0,0.0
5.0,Male,106.67999999999999,17.69010243,28.0,0.0
3.0,Female,93.98,11.793401620000001,28.0,0.0
42.0,Male,172.72,83.91458845000001,60.0,4.0
69.0,Male,182.88,95.2543977,28.0,14.0
60.0,Female,172.72,90.718474,28.0,7.0
61.0,Male,182.88,106.59420695,20.0,
55.0,Female,175.26,65.77089365,20.0,
53.0,Female,162.56,62.142154690000005,20.0,20.0
78.0,Unknown,149.86,40.8233133,,
54.0,Male,175.26,86.1825503,6.0,2.0
65.0,Female,193.04,115.66605435000001,40.0,15.0
56.0,Male,154.94,124.73790175,3.0,2.0
55.0,Female,180.34,120.20197805000001,1.0,2.0
83.0,Male,175.26,80.73944186,,
83.0,Female,160.02,60.781377580000004,,
49.0,Male,154.94,72.57477920000001,15.0,5.0
47.0,Female,160.02,68.0388555,10.0,
23.0,Female,160.02,49.895160700000005,10.0,3.0
58.0,Male,185.42,90.718474,11.0,
58.0,Female,167.64000000000001,58.9670081,7.0,
68.0,Male,185.42,106.14061458,21.0,
67.0,Female,170.18,65.77089365,56.0,4.0
61.0,Female,162.56,65.77089365,50.0,20.0
61.0,Male,182.88,117.9340162,20.0,10.0
44.0,Female,165.1,61.23496995,5.0,4.0
19.0,Male,182.88,77.1107029,5.0,5.0
18.0,Male,182.88,73.48196394,5.0,5.0
57.0,Female,162.56,70.76040972,20.0,
68.0,Male,182.88,91.17206637000001,5.0,3.0
65.0,Female,170.18,62.59574706,8.0,0.0
76.0,Male,154.94,90.718474,24.0,0.0
52.0,Male,180.34,81.6466266,12.0,0.0
51.0,Female,165.1,61.23496995,48.0,0.0
86.0,Female,162.56,68.0388555,15.0,
55.0,Female,162.56,58.9670081,3.0,1.0
50.0,Male,187.96,99.79032140000001,3.0,2.0
70.0,Female,165.1,58.9670081,4.0,
87.0,Female,127.0,68.0388555,,
73.0,Male,187.96,95.2543977,10.0,10.0
67.0,Female,170.18,63.502931800000006,15.0,10.0
70.0,Male,185.42,95.2543977,5.0,
68.0,Female,165.1,70.30681735,5.0,
49.0,Female,152.4,58.9670081,5.0,
64.0,Male,170.18,99.79032140000001,20.0,4.0
56.0,Male,175.26,83.91458845000001,3.0,3.0
54.0,Female,162.56,58.9670081,3.0,3.0
45.0,Male,187.96,95.2543977,55.0,3.0
16.0,Male,180.34,74.84274105,30.0,1.0
16.0,Male,170.18,52.163122550000004,10.0,
71.0,Male,187.96,127.00586360000001,,
57.0,Male,154.94,90.718474,25.0,10.0
53.0,Female,170.18,68.0388555,10.0,
26.0,Female,170.18,61.23496995,10.0,5.0
34.0,Male,187.96,121.56275516000001,2.0,1.0
34.0,Female,165.1,65.77089365,3.0,5.0
46.0,Male,154.94,106.59420695,7.0,0.0
55.0,Female,165.1,86.1825503,7.0,0.0
81.0,Male,175.26,90.718474,3.0,
75.0,Female,167.64000000000001,77.1107029,20.0,2.0
62.0,Male,182.88,104.32624510000001,20.0,6.0
54.0,Female,154.94,72.57477920000001,4.0,1.0
55.0,Male,172.72,86.1825503,4.0,2.0
73.0,Male,172.72,71.21400209000001,4.0,0.0
68.0,Female,165.1,59.874192840000006,14.0,0.0
48.0,Male,154.94,111.13013065000001,24.0,24.0
46.0,Female,162.56,61.23496995,40.0,
22.0,Female,162.56,77.1107029,24.0,
18.0,Female,154.94,54.4310844,20.0,6.0
11.0,Female,124.46000000000001,49.895160700000005,20.0,6.0
80.0,Male,180.34,81.6466266,1.0,0.0
78.0,Male,154.94,81.6466266,7.0,
59.0,Male,180.34,88.45051215000001,15.0,5.0
59.0,Female,162.56,58.9670081,20.0,5.0
62.0,Male,154.94,78.92507238,,
79.0,Female,154.94,65.77089365,,
82.0,Male,152.4,66.67807839000001,2.0,
83.0,Male,185.42,104.32624510000001,7.0,
55.0,Female,167.64000000000001,79.37866475,4.0,2.0
56.0,Male,172.72,77.1107029,8.0,3.0
70.0,Female,167.64000000000001,72.57477920000001,10.0,0.0
52.0,Male,180.34,77.1107029,30.0,25.0
79.0,Male,182.88,83.91458845000001,25.0,5.0
50.0,Male,170.18,113.3980925,5.0,2.0
45.0,Female,162.56,90.718474,5.0,0.0
14.0,Male,167.64000000000001,99.79032140000001,20.0,5.0
11.0,Male,152.4,63.502931800000006,20.0,5.0
76.0,Female,157.48000000000002,68.0388555,10.0,
54.0,Male,182.88,79.37866475,20.0,2.0
39.0,Female,180.34,74.84274105,5.0,10.0
55.0,Female,157.48000000000002,53.523899660000005,1.0,
20.0,Female,157.48000000000002,55.33826914,3.0,
75.0,Male,172.72,86.1825503,14.0,
47.0,Male,195.57999999999998,113.3980925,5.0,
21.0,Female,160.02,62.142154690000005,8.0,5.0
46.0,Female,162.56,80.28584949,10.0,7.0
75.0,Female,152.4,68.0388555,30.0,3.0
64.0,Female,170.18,63.04933943,5.0,0.0
74.0,Male,167.64000000000001,69.39963261,25.0,6.0
70.0,Female,165.1,63.502931800000006,25.0,4.0
48.0,Male,175.26,78.01788764,5.0,2.0
46.0,Female,162.56,56.69904625,10.0,0.0
13.0,Male,160.02,50.34875307,1.0,1.0
47.0,Male,185.42,81.6466266,30.0,15.0
39.0,Female,154.94,61.23496995,30.0,8.0
11.0,Female,124.46000000000001,35.38020486,20.0,8.0
77.0,Male,175.26,74.38914868,4.0,3.0
69.0,Male,175.26,71.21400209000001,28.0,0.0
64.0,Female,157.48000000000002,58.9670081,14.0,0.0
77.0,Female,175.26,149.6854821,2.0,
49.0,Female,167.64000000000001,65.77089365,10.0,
75.0,Male,182.88,96.16158244,20.0,5.0
74.0,Female,162.56,63.502931800000006,10.0,0.0
82.0,Male,170.18,59.874192840000006,,
80.0,Female,152.4,83.46099608,6.0,
64.0,Male,185.42,90.718474,20.0,10.0
62.0,Female,167.64000000000001,63.502931800000006,30.0,15.0
66.0,Male,175.26,75.29633342000001,60.0,27.0
64.0,Female,162.56,53.523899660000005,30.0,6.0
73.0,Female,165.1,68.0388555,10.0,0.0
49.0,Female,157.48000000000002,47.62719885,5.0,0.0
22.0,Female,165.1,52.163122550000004,10.0,10.0
19.0,Male,185.42,81.6466266,2.0,0.0
68.0,Male,170.18,97.06876718000001,35.0,
38.0,Male,185.42,104.32624510000001,60.0,
64.0,Female,165.1,74.38914868,30.0,
48.0,Female,172.72,131.5417873,4.0,
58.0,Male,185.42,140.6136347,4.0,
31.0,Male,154.94,72.57477920000001,2.0,
41.0,Female,167.64000000000001,90.718474,2.0,2.0
5.0,Male,121.92,29.48350405,2.0,
3.0,Female,106.67999999999999,15.875732950000002,2.0,
71.0,Male,170.18,67.58526313,40.0,
69.0,Female,152.4,68.49244787,40.0,
69.0,Male,170.18,77.1107029,30.0,
65.0,Female,154.94,88.45051215000001,5.0,
55.0,Male,154.94,129.27382545,5.0,40.0
55.0,Female,154.94,55.33826914,20.0,40.0
23.0,Male,170.18,81.6466266,20.0,0.0
5.0,Female,91.44,16.329325320000002,60.0,0.0
1.0,Female,60.96,9.979032140000001,30.0,0.0
25.0,Female,160.02,81.6466266,20.0,0.0
48.0,Male,180.34,97.52235955,3.0,2.0
47.0,Female,175.26,83.91458845000001,4.0,1.0
17.0,Female,167.64000000000001,62.142154690000005,2.0,5.0
15.0,Female,165.1,71.66759446,4.0,1.0
77.0,Male,180.34,95.2543977,4.0,
75.0,Female,154.94,63.502931800000006,4.0,
53.0,Male,190.5,99.79032140000001,6.0,0.0
50.0,Female,157.48000000000002,72.57477920000001,3.0,0.0
25.0,Male,182.88,77.1107029,4.0,2.0
56.0,Male,185.42,99.79032140000001,10.0,5.0
57.0,Female,172.72,72.57477920000001,7.0,5.0
43.0,Male,185.42,86.1825503,10.0,0.0
11.0,Male,157.48000000000002,54.4310844,11.0,
49.0,Female,162.56,79.83225712000001,12.0,0.0
14.0,Female,165.1,68.0388555,10.0,0.0
30.0,Female,170.18,68.0388555,2.0,0.0
35.0,Male,182.88,95.2543977,4.0,0.0
60.0,Male,180.34,99.79032140000001,15.0,5.0
58.0,Female,167.64000000000001,72.57477920000001,10.0,0.0
53.0,Male,198.12,99.79032140000001,10.0,1.0
80.0,Male,172.72,83.91458845000001,20.0,
74.0,Female,170.18,77.1107029,15.0,
39.0,Male,154.94,86.1825503,15.0,5.0
37.0,Female,157.48000000000002,68.0388555,10.0,0.0
17.0,Female,167.64000000000001,81.6466266,10.0,10.0
7.0,Male,121.92,29.48350405,15.0,10.0
75.0,Male,175.26,102.05828325,20.0,
74.0,Female,165.1,72.57477920000001,20.0,
72.0,Female,162.56,63.502931800000006,5.0,3.0
73.0,Male,172.72,75.29633342000001,4.0,3.0
32.0,Male,154.94,77.1107029,15.0,11.0
39.0,Male,170.18,70.30681735,8.0,3.0
65.0,Male,187.96,86.1825503,10.0,0.0
62.0,Female,162.56,54.4310844,10.0,0.0
61.0,Male,170.18,88.45051215000001,30.0,
56.0,Female,162.56,58.9670081,20.0,
66.0,Male,182.88,83.91458845000001,3.0,1.0
62.0,Female,165.1,61.23496995,20.0,0.0
68.0,Female,170.18,70.30681735,14.0,0.0
45.0,Male,187.96,88.45051215000001,3.0,1.0
15.0,Female,170.18,58.05982336,5.0,8.0
47.0,Female,172.72,67.13167076,10.0,4.0
17.0,Female,167.64000000000001,63.502931800000006,5.0,8.0
14.0,Male,180.34,68.0388555,5.0,8.0
11.0,Female,154.94,28.12272694,,
7.0,Male,137.16,26.30835746,,
72.0,Male,154.94,78.92507238,,
29.0,Male,187.96,88.45051215000001,4.0,4.0
32.0,Female,175.26,54.4310844,4.0,4.0
57.0,Male,182.88,92.98643585,5.0,0.0
45.0,Female,170.18,70.30681735,3.0,0.0
64.0,Male,187.96,90.718474,10.0,
60.0,Female,170.18,58.9670081,10.0,
33.0,Female,170.18,63.502931800000006,17.0,2.0
33.0,Male,182.88,61.23496995,12.0,0.0
67.0,Male,200.66,113.3980925,5.0,
67.0,Female,167.64000000000001,56.69904625,20.0,
49.0,Male,170.18,108.8621688,40.0,4.0
49.0,Female,162.56,81.6466266,15.0,
88.0,Male,154.94,88.45051215000001,30.0,5.0
36.0,Male,185.42,145.14955840000002,8.0,2.0
37.0,Female,167.64000000000001,81.6466266,12.0,0.0
10.0,Male,152.4,40.8233133,12.0,4.0
8.0,Male,142.24,34.01942775,12.0,4.0
5.0,Male,96.52,24.04039561,16.0,
2.0,Male,81.28,14.51495584,16.0,
60.0,Male,154.94,70.30681735,15.0,5.0
41.0,Female,170.18,63.502931800000006,15.0,
27.0,Female,167.64000000000001,86.1825503,10.0,
6.0,Male,106.67999999999999,24.947580350000003,,
3.0,Male,114.3,18.143694800000002,,
0.06,Female,45.72,3.62873896,,
30.0,Male,185.42,83.91458845000001,8.0,
40.0,Male,170.18,86.1825503,,40.0
40.0,Female,160.02,54.4310844,30.0,
10.0,Female,162.56,27.2155422,,25.0
7.0,Male,109.22,22.6796185,,10.0
16.0,Male,175.26,97.52235955,8.0,12.0
13.0,Female,124.46000000000001,49.895160700000005,8.0,6.0
43.0,Male,180.34,81.6466266,5.0,2.0
42.0,Female,160.02,54.4310844,5.0,
16.0,Male,175.26,68.0388555,5.0,10.0
13.0,Male,172.72,81.6466266,5.0,2.0
50.0,Male,190.5,127.00586360000001,,45.0
47.0,Female,172.72,58.9670081,30.0,10.0
20.0,Female,170.18,49.895160700000005,10.0,15.0
15.0,Female,167.64000000000001,46.72001411,10.0,15.0
9.0,Male,139.7,42.63768278,,30.0
17.0,Female,170.18,49.895160700000005,10.0,15.0
44.0,Male,175.26,79.37866475,25.0,3.0
44.0,Female,175.26,73.93555631000001,15.0,
17.0,Female,162.56,47.62719885,23.0,6.0
9.0,Female,124.46000000000001,36.287389600000004,15.0,5.0
14.0,Male,175.26,63.502931800000006,20.0,12.0
62.0,Female,157.48000000000002,57.152638620000005,9.0,
64.0,Male,182.88,83.91458845000001,9.0,
72.0,Male,175.26,95.2543977,25.0,
69.0,Female,160.02,72.57477920000001,26.0,
44.0,Male,175.26,102.05828325,8.0,
82.0,Female,160.02,73.48196394,28.0,
59.0,Male,180.34,77.1107029,40.0,10.0
56.0,Female,144.78,54.4310844,29.0,
33.0,Male,180.34,113.3980925,35.0,2.0
29.0,Female,162.56,90.718474,20.0,1.0
8.0,Male,127.0,23.586803240000002,15.0,0.0
1.0,Female,76.2,10.43262451,10.0,0.0
5.0,Male,119.38,20.41165665,30.0,2.0
72.0,Male,162.56,72.57477920000001,20.0,3.0
70.0,Female,162.56,63.502931800000006,60.0,3.0
45.0,Male,154.94,68.0388555,40.0,40.0
77.0,Female,157.48000000000002,64.86370891,15.0,
77.0,Female,167.64000000000001,92.53284348000001,3.0,
36.0,Male,187.96,83.91458845000001,5.0,2.0
33.0,Female,170.18,58.9670081,1.0,1.0
3.0,Female,101.6,16.329325320000002,,
1.0,Male,73.66,11.33980925,,
82.0,Male,165.1,66.22448602,40.0,1.0
55.0,Female,154.94,45.359237,5.0,
35.0,Male,154.94,79.37866475,5.0,25.0
27.0,Female,162.56,48.534383590000004,55.0,5.0
27.0,Male,154.94,83.91458845000001,55.0,6.0
4.0,Male,96.52,16.329325320000002,85.0,0.0
68.0,Male,175.26,104.32624510000001,40.0,
69.0,Female,170.18,86.1825503,40.0,
82.0,Female,162.56,54.4310844,7.0,
36.0,Male,187.96,106.59420695,40.0,0.0
37.0,Female,157.48000000000002,58.9670081,70.0,1.0
12.0,Female,154.94,38.55535145,35.0,0.0
10.0,Female,152.4,34.01942775,35.0,0.0
65.0,Female,167.64000000000001,72.57477920000001,4.0,
58.0,Female,154.94,83.91458845000001,2.0,
45.0,Male,154.94,83.91458845000001,15.0,
46.0,Female,154.94,86.1825503,10.0,
54.0,Male,154.94,86.1825503,7.0,1.0
44.0,Male,167.64000000000001,74.84274105,10.0,2.0
45.0,Female,167.64000000000001,61.23496995,5.0,2.0
10.0,Male,127.0,31.751465900000003,5.0,5.0
60.0,Male,182.88,113.3980925,15.0,5.0
60.0,Female,170.18,72.57477920000001,40.0,
35.0,Male,154.94,88.45051215000001,3.0,0.0
30.0,Female,180.34,81.6466266,50.0,10.0
29.0,Male,182.88,111.13013065000001,30.0,10.0
65.0,Female,165.1,61.23496995,35.0,
54.0,Male,172.72,90.718474,40.0,
65.0,Male,185.42,74.84274105,15.0,
70.0,Female,162.56,86.1825503,6.0,
27.0,Male,182.88,142.88159655,5.0,1.0
70.0,Male,185.42,79.37866475,,
70.0,Female,167.64000000000001,72.12118683,,
46.0,Male,175.26,72.57477920000001,10.0,
45.0,Female,157.48000000000002,56.69904625,10.0,
18.0,Female,162.56,54.4310844,2.0,
14.0,Male,182.88,58.9670081,10.0,2.0
77.0,Male,182.88,54.4310844,8.0,
73.0,Male,182.88,113.3980925,40.0,
74.0,Male,154.94,79.37866475,70.0,6.0
41.0,Female,154.94,50.80234544,7.0,2.0
77.0,Male,182.88,99.79032140000001,14.0,
71.0,Female,170.18,72.57477920000001,21.0,
50.0,Male,195.57999999999998,81.6466266,40.0,10.0
69.0,Male,180.34,83.91458845000001,3.0,2.0
69.0,Female,162.56,54.4310844,12.0,2.0
71.0,Male,154.94,85.27536556,,
68.0,Female,154.94,58.05982336,4.0,1.0
58.0,Male,180.34,86.1825503,10.0,
57.0,Female,170.18,90.718474,10.0,
70.0,Male,154.94,72.57477920000001,8.0,4.0
65.0,Female,175.26,72.57477920000001,20.0,6.0
30.0,Female,180.34,72.57477920000001,10.0,8.0
67.0,Male,187.96,108.8621688,3.0,10.0
63.0,Female,167.64000000000001,63.502931800000006,3.0,10.0
48.0,Female,157.48000000000002,81.6466266,8.0,2.0
49.0,Male,172.72,63.502931800000006,8.0,2.0
19.0,Female,175.26,68.94604024,2.0,0.0
16.0,Male,175.26,52.163122550000004,6.0,3.0
17.0,Female,160.02,52.163122550000004,6.0,8.0
57.0,Male,167.64000000000001,59.420600470000004,8.0,1.0
74.0,Male,175.26,97.52235955,7.0,0.0
70.0,Female,157.48000000000002,72.57477920000001,5.0,0.0
61.0,Female,172.72,86.1825503,5.0,1.0
63.0,Male,182.88,113.3980925,10.0,5.0
45.0,Male,172.72,97.52235955,3.0,4.0
43.0,Female,162.56,56.69904625,5.0,2.0
19.0,Female,167.64000000000001,54.4310844,6.0,4.0
18.0,Male,172.72,72.57477920000001,3.0,10.0
86.0,Male,175.26,80.28584949,21.0,
78.0,Female,149.86,40.8233133,4.0,
79.0,Male,154.94,77.1107029,2.0,0.0
75.0,Female,170.18,81.6466266,0.0,0.0
51.0,Female,167.64000000000001,52.163122550000004,14.0,
53.0,Male,175.26,90.718474,0.0,0.0
50.0,Female,172.72,86.1825503,0.0,0.0
21.0,Female,160.02,90.718474,4.0,0.0
50.0,Female,172.72,95.2543977,18.0,3.0
33.0,Male,182.88,136.077711,0.0,0.0
34.0,Female,160.02,81.6466266,6.0,0.0
10.0,Male,121.92,31.751465900000003,0.0,0.0
55.0,Male,154.94,131.5417873,48.0,10.0
54.0,Female,154.94,90.718474,48.0,0.0
29.0,Male,193.04,145.14955840000002,30.0,0.0
54.0,Male,190.5,99.79032140000001,15.0,10.0
51.0,Female,175.26,52.163122550000004,10.0,10.0
23.0,Male,187.96,88.45051215000001,10.0,
61.0,Female,157.48000000000002,81.6466266,40.0,0.0
39.0,Male,187.96,95.2543977,1.0,2.0
39.0,Female,165.1,90.718474,0.0,0.0
3.0,Male,93.98,14.51495584,,
0.0,Female,53.34,3.17514659,,
91.0,Female,167.64000000000001,68.0388555,2.0,14.0
69.0,Male,182.88,94.80080533,30.0,3.0
66.0,Female,154.94,71.66759446,14.0,3.0
29.0,Male,180.34,89.35769689,20.0,11.0
27.0,Female,162.56,64.41011654,8.0,2.0
74.0,Male,187.96,76.65711053,15.0,
73.0,Male,170.18,99.79032140000001,7.0,2.0
65.0,Male,175.26,72.57477920000001,10.0,
65.0,Female,157.48000000000002,61.23496995,5.0,
56.0,Female,170.18,79.37866475,72.0,7.0
58.0,Male,154.94,86.1825503,20.0,40.0
14.0,Female,154.94,79.37866475,5.0,5.0
12.0,Female,152.4,58.9670081,5.0,5.0
65.0,Male,172.72,108.8621688,25.0,
60.0,Female,157.48000000000002,72.57477920000001,25.0,
62.0,Male,154.94,81.6466266,3.0,
60.0,Female,165.1,63.502931800000006,2.0,
44.0,Male,165.1,56.69904625,30.0,10.0
30.0,Male,180.34,90.718474,10.0,6.0
44.0,Male,185.42,92.53284348000001,10.0,4.0
49.0,Female,165.1,61.23496995,6.0,2.0
16.0,Male,180.34,74.84274105,12.0,6.0
14.0,Female,165.1,58.9670081,2.0,2.0
46.0,Male,154.94,122.4699399,40.0,10.0
42.0,Female,172.72,72.57477920000001,20.0,5.0
18.0,Female,170.18,49.895160700000005,60.0,5.0
12.0,Male,152.4,49.895160700000005,60.0,5.0
16.0,Male,152.4,49.895160700000005,60.0,5.0
48.0,Male,172.72,127.00586360000001,80.0,20.0
42.0,Female,172.72,81.6466266,40.0,10.0
21.0,Male,154.94,99.79032140000001,60.0,20.0
11.0,Female,160.02,72.57477920000001,20.0,10.0
37.0,Male,187.96,97.52235955,,8.0
45.0,Male,154.94,92.98643585,,
50.0,Male,182.88,92.98643585,,8.0
50.0,Male,154.94,158.7573295,,
47.0,Male,175.26,108.8621688,,
57.0,Male,185.42,151.95344395,50.0,
58.0,Female,167.64000000000001,65.77089365,,
62.0,Male,172.72,81.6466266,20.0,0.0
58.0,Female,160.02,83.00740371,6.0,0.0
59.0,Male,172.72,81.6466266,5.0,1.0
56.0,Female,162.56,68.0388555,5.0,0.0
26.0,Female,162.56,54.4310844,10.0,0.0
55.0,Male,190.5,117.9340162,8.0,
75.0,Male,165.1,65.31730128000001,20.0,0.0
75.0,Female,154.94,80.73944186,20.0,0.0
58.0,Male,182.88,104.32624510000001,,
63.0,Female,167.64000000000001,80.28584949,35.0,
25.0,Female,170.18,86.1825503,6.0,
25.0,Male,187.96,106.59420695,20.0,2.0
46.0,Male,167.64000000000001,90.718474,10.0,4.0
42.0,Female,167.64000000000001,72.57477920000001,28.0,2.0
16.0,Female,170.18,58.9670081,,2.0
14.0,Female,167.64000000000001,61.23496995,,2.0
11.0,Female,152.4,49.895160700000005,,1.0
9.0,Male,137.16,33.56583538,,1.0
5.0,Female,111.75999999999999,19.50447191,20.0,
2.0,Female,93.98,14.06136347,20.0,
63.0,Male,187.96,85.27536556,6.0,1.0
64.0,Female,152.4,65.77089365,0.0,0.0
83.0,Male,172.72,74.84274105,15.0,
61.0,Female,157.48000000000002,58.9670081,7.0,
24.0,Female,160.02,68.0388555,20.0,0.0
24.0,Male,195.57999999999998,108.8621688,10.0,20.0
52.0,Male,185.42,86.1825503,10.0,1.0
51.0,Female,157.48000000000002,57.152638620000005,10.0,1.0
42.0,Male,175.26,71.66759446,17.0,4.0
41.0,Female,167.64000000000001,58.9670081,25.0,4.0
54.0,Female,162.56,65.77089365,3.0,
19.0,Female,162.56,72.57477920000001,7.0,
70.0,Male,172.72,86.1825503,22.0,6.0
68.0,Female,162.56,68.0388555,16.0,5.0
61.0,Male,154.94,102.05828325,10.0,
60.0,Female,170.18,77.1107029,10.0,
75.0,Male,175.26,80.73944186,30.0,
75.0,Female,162.56,51.70953018,30.0,
70.0,Male,180.34,97.52235955,30.0,1.0
68.0,Female,152.4,48.98797596,25.0,1.0
46.0,Female,165.1,113.3980925,7.0,0.0
38.0,Male,180.34,108.8621688,7.0,3.0
13.0,Female,157.48000000000002,45.359237,14.0,7.0
10.0,Male,142.24,29.48350405,14.0,10.0
65.0,Male,180.34,87.54332741,20.0,0.0
83.0,Male,162.56,68.94604024,10.0,3.0
83.0,Female,152.4,46.266421740000006,20.0,
37.0,Female,160.02,63.502931800000006,2.0,2.0
34.0,Male,172.72,99.79032140000001,2.0,2.0
55.0,Male,170.18,90.718474,3.0,1.0
65.0,Female,157.48000000000002,72.57477920000001,6.0,
69.0,Female,149.86,68.0388555,22.0,0.0
46.0,Male,182.88,91.17206637000001,10.0,20.0
45.0,Female,162.56,81.6466266,25.0,5.0
3.0,Female,91.44,12.70058636,50.0,
30.0,Male,185.42,78.01788764,4.0,3.0
29.0,Female,167.64000000000001,77.1107029,9.0,
74.0,Female,154.94,64.41011654,8.0,2.0
60.0,Male,172.72,74.84274105,,6.0
57.0,Female,165.1,95.2543977,5.0,
86.0,Male,180.34,77.1107029,,3.0
84.0,Female,154.94,58.9670081,,3.0
73.0,Male,187.96,79.37866475,14.0,7.0
44.0,Male,190.5,129.27382545,40.0,30.0
60.0,Male,182.88,99.79032140000001,4.0,2.0
60.0,Female,162.56,74.84274105,2.0,1.0
57.0,Female,162.56,50.80234544,8.0,
45.0,Female,162.56,68.0388555,12.0,
47.0,Female,170.18,61.23496995,18.0,3.0
61.0,Male,154.94,117.9340162,40.0,10.0
49.0,Female,180.34,113.3980925,60.0,10.0
25.0,Male,193.04,124.73790175,20.0,10.0
57.0,Male,182.88,86.1825503,10.0,0.0
56.0,Female,162.56,136.077711,2.0,0.0
17.0,Male,187.96,83.91458845000001,10.0,0.0
16.0,Male,172.72,68.0388555,8.0,0.0
14.0,Male,167.64000000000001,63.502931800000006,6.0,0.0
77.0,Male,154.94,86.1825503,40.0,0.0
74.0,Female,167.64000000000001,58.9670081,30.0,0.0
52.0,Male,180.34,88.45051215000001,7.0,0.0
54.0,Female,154.94,56.69904625,7.0,0.0
66.0,Female,162.56,74.84274105,20.0,
41.0,Unknown,154.94,83.91458845000001,5.0,
62.0,Male,154.94,108.8621688,0.0,0.0
61.0,Female,165.1,63.502931800000006,8.0,0.0
44.0,Male,190.5,161.02529135,10.0,1.0
42.0,Female,154.94,113.3980925,8.0,1.0
4.0,Female,106.67999999999999,22.6796185,12.0,2.0
78.0,Male,154.94,77.1107029,,40.0
78.0,Female,154.94,68.0388555,5.0,
30.0,Female,154.94,45.359237,21.0,35.0
31.0,Male,182.88,97.52235955,6.0,2.0
32.0,Female,167.64000000000001,72.57477920000001,4.0,
3.0,Male,134.62,29.48350405,8.0,
6.0,Male,96.52,20.41165665,12.0,
61.0,Male,154.94,95.2543977,25.0,5.0
60.0,Female,165.1,83.91458845000001,35.0,
75.0,Male,180.34,88.45051215000001,48.0,10.0
76.0,Female,157.48000000000002,92.98643585,20.0,0.0
54.0,Male,170.18,81.6466266,2.0,
70.0,Male,180.34,90.718474,20.0,15.0
68.0,Female,157.48000000000002,72.57477920000001,12.0,
34.0,Male,180.34,104.32624510000001,5.0,1.0
33.0,Male,170.18,65.77089365,7.0,3.0
30.0,Female,154.94,72.57477920000001,7.0,0.0
73.0,Male,182.88,90.26488163,5.0,
67.0,Female,154.94,54.4310844,3.0,
63.0,Male,175.26,104.32624510000001,14.0,
61.0,Female,167.64000000000001,68.0388555,14.0,
33.0,Male,180.34,108.8621688,21.0,
14.0,Female,170.18,58.9670081,14.0,16.0
65.0,Female,167.64000000000001,113.3980925,10.0,0.0
69.0,Male,172.72,88.45051215000001,14.0,3.0
40.0,Male,190.5,99.79032140000001,40.0,0.0
38.0,Female,162.56,68.0388555,36.0,0.0
10.0,Female,157.48000000000002,54.4310844,30.0,0.0
8.0,Male,152.4,72.57477920000001,30.0,0.0
25.0,Male,182.88,90.718474,50.0,8.0
25.0,Female,152.4,47.62719885,25.0,2.0
4.0,Female,104.14,17.23651006,10.0,1.0
1.0,Male,71.12,7.71107029,,
62.0,Male,170.18,49.895160700000005,10.0,0.0
57.0,Female,157.48000000000002,95.2543977,10.0,0.0
15.0,Male,172.72,104.32624510000001,20.0,0.0
53.0,Male,162.56,58.9670081,30.0,6.0
29.0,Female,187.96,90.718474,20.0,8.0
2.0,Female,91.44,14.968548210000002,,
44.0,Male,182.88,140.6136347,5.0,1.0
56.0,Male,180.34,104.32624510000001,7.0,1.0
55.0,Female,167.64000000000001,58.513415730000006,7.0,1.0
66.0,Male,162.56,69.85322498000001,40.0,10.0
55.0,Male,182.88,104.32624510000001,2.0,
57.0,Female,149.86,72.57477920000001,1.0,
52.0,Male,180.34,88.45051215000001,8.0,
54.0,Female,162.56,58.9670081,8.0,
16.0,Female,167.64000000000001,59.874192840000006,10.0,5.0
53.0,Male,154.94,104.32624510000001,15.0,
53.0,Male,162.56,81.6466266,21.0,
55.0,Male,185.42,111.13013065000001,20.0,6.0
52.0,Female,170.18,58.05982336,20.0,0.0
48.0,Male,185.42,113.3980925,10.0,2.0
49.0,Female,175.26,63.502931800000006,10.0,1.0
35.0,Male,180.34,74.84274105,20.0,5.0
33.0,Female,160.02,52.163122550000004,20.0,
35.0,Male,167.64000000000001,90.718474,40.0,2.0
35.0,Female,172.72,83.91458845000001,40.0,6.0
53.0,Female,157.48000000000002,63.04933943,20.0,8.0
48.0,Male,187.96,95.2543977,14.0,2.0
10.0,Male,152.4,49.895160700000005,6.0,2.0
52.0,Male,172.72,58.05982336,50.0,0.0
68.0,Male,187.96,108.8621688,15.0,9.0
48.0,Male,175.26,95.2543977,20.0,60.0
47.0,Female,167.64000000000001,108.8621688,60.0,10.0
18.0,Female,170.18,58.9670081,30.0,10.0
55.0,Male,154.94,88.45051215000001,7.0,5.0
52.0,Female,160.02,77.1107029,5.0,0.0
25.0,Female,172.72,70.30681735,5.0,2.0
20.0,Female,160.02,56.69904625,5.0,1.0
16.0,Male,172.72,63.502931800000006,5.0,5.0
77.0,Male,180.34,81.6466266,6.0,1.0
75.0,Female,162.56,83.91458845000001,3.0,0.0
35.0,Female,160.02,58.9670081,3.0,2.0
30.0,Male,190.5,149.6854821,3.0,1.0
2.0,Male,91.44,13.6077711,10.0,
54.0,Male,182.88,81.6466266,10.0,1.0
19.0,Male,182.88,77.1107029,1.0,9.0
48.0,Female,195.57999999999998,61.23496995,10.0,
21.0,Female,200.66,52.163122550000004,5.0,4.0
17.0,Male,182.88,70.30681735,1.0,12.0
57.0,Male,170.18,79.37866475,3.0,3.0
57.0,Female,157.48000000000002,49.895160700000005,6.0,2.0
48.0,Male,154.94,81.6466266,7.0,30.0
12.0,Male,162.56,49.895160700000005,5.0,0.0
15.0,Male,175.26,63.502931800000006,5.0,0.0
40.0,Male,190.5,124.73790175,2.0,0.0
54.0,Male,182.88,104.32624510000001,6.0,0.0
50.0,Female,154.94,63.502931800000006,8.0,1.0
21.0,Female,175.26,63.502931800000006,20.0,4.0
20.0,Female,175.26,58.9670081,4.0,1.0
68.0,Female,149.86,74.84274105,25.0,
39.0,Female,157.48000000000002,49.895160700000005,15.0,2.0
60.0,Female,157.48000000000002,90.718474,7.0,0.0
40.0,Male,190.5,90.718474,14.0,7.0
47.0,Female,167.64000000000001,52.163122550000004,25.0,
14.0,Female,149.86,54.4310844,10.0,
66.0,Male,182.88,102.05828325,4.0,3.0
45.0,Male,170.18,90.718474,40.0,
13.0,Female,162.56,58.9670081,40.0,
52.0,Female,157.48000000000002,88.45051215000001,40.0,
19.0,Male,170.18,77.1107029,40.0,
59.0,Male,175.26,108.8621688,7.0,4.0
53.0,Female,167.64000000000001,72.57477920000001,10.0,
54.0,Male,152.4,83.91458845000001,,8.0
70.0,Male,154.94,113.3980925,5.0,0.0
60.0,Female,167.64000000000001,68.0388555,5.0,0.0
35.0,Male,175.26,68.0388555,2.0,5.0
35.0,Female,167.64000000000001,77.1107029,2.0,3.0
66.0,Male,157.48000000000002,65.77089365,,
32.0,Male,172.72,65.77089365,3.0,0.0
29.0,Male,172.72,68.0388555,3.0,1.0
62.0,Male,172.72,79.37866475,2.0,0.0
70.0,Male,182.88,77.1107029,40.0,2.0
57.0,Female,180.34,77.1107029,50.0,10.0
32.0,Male,175.26,74.84274105,2.0,25.0
30.0,Female,162.56,83.91458845000001,2.0,10.0
7.0,Female,93.98,20.41165665,8.0,30.0
79.0,Female,162.56,90.718474,3.0,
75.0,Male,182.88,113.3980925,,
63.0,Male,154.94,88.45051215000001,20.0,0.0
61.0,Female,175.26,77.1107029,30.0,0.0
60.0,Male,187.96,145.14955840000002,2.0,0.0
49.0,Female,167.64000000000001,79.37866475,4.0,0.0
68.0,Male,182.88,88.45051215000001,7.0,0.0
66.0,Female,167.64000000000001,72.57477920000001,7.0,0.0
40.0,Male,172.72,77.1107029,10.0,1.0
38.0,Female,172.72,95.2543977,10.0,1.0
9.0,Female,127.0,30.84428116,20.0,
8.0,Male,121.92,27.2155422,24.0,
63.0,Male,165.1,75.74992579,6.0,0.0
59.0,Female,165.1,61.23496995,28.0,0.0
78.0,Female,157.48000000000002,54.4310844,10.0,0.0
42.0,Male,172.72,99.79032140000001,25.0,3.0
11.0,Male,149.86,49.895160700000005,5.0,2.0
38.0,Female,160.02,60.781377580000004,10.0,10.0
13.0,Male,160.02,81.6466266,5.0,2.0
7.0,Female,124.46000000000001,22.6796185,3.0,
34.0,Female,162.56,78.92507238,2.0,
32.0,Female,160.02,52.163122550000004,42.0,0.0
0.0,Female,53.34,4.082331330000001,,
34.0,Male,185.42,86.1825503,20.0,4.0
52.0,Male,170.18,88.45051215000001,3.0,1.0
32.0,Female,165.1,95.2543977,5.0,2.0
6.0,Male,144.78,42.18409041,4.0,1.0
31.0,Male,154.94,86.1825503,10.0,
2.0,Female,83.82,10.886216880000001,20.0,20.0
31.0,Female,170.18,61.23496995,40.0,
5.0,Female,106.67999999999999,18.143694800000002,20.0,20.0
33.0,Male,154.94,81.6466266,10.0,5.0
30.0,Female,162.56,79.37866475,,
3.0,Female,106.67999999999999,15.875732950000002,40.0,
33.0,Male,180.34,77.1107029,30.0,2.0
4.0,Female,104.14,18.143694800000002,30.0,2.0
32.0,Female,170.18,77.1107029,10.0,2.0
7.0,Female,124.46000000000001,22.6796185,30.0,2.0
44.0,Male,182.88,90.718474,2.0,
3.0,Male,91.44,16.329325320000002,14.0,
41.0,Female,172.72,108.8621688,2.0,
16.0,Female,167.64000000000001,54.4310844,4.0,
40.0,Male,187.96,113.3980925,30.0,10.0
8.0,Male,137.16,27.2155422,20.0,
40.0,Female,160.02,68.0388555,30.0,
11.0,Female,157.48000000000002,36.287389600000004,20.0,
50.0,Male,167.64000000000001,73.48196394,20.0,2.0
47.0,Female,165.1,56.69904625,20.0,1.0
50.0,Male,154.94,99.79032140000001,6.0,0.0
8.0,Male,142.24,32.658650640000005,12.0,4.0
44.0,Female,154.94,117.9340162,6.0,0.0
11.0,Male,152.4,48.98797596,12.0,4.0
75.0,Female,157.48000000000002,48.534383590000004,30.0,9.0
79.0,Male,154.94,81.6466266,15.0,0.0
30.0,Female,167.64000000000001,68.94604024,10.0,0.0
3.0,Male,91.44,16.329325320000002,35.0,
1.0,Male,76.2,11.33980925,35.0,
37.0,Male,180.34,108.8621688,10.0,0.0
63.0,Female,160.02,56.69904625,60.0,
67.0,Male,170.18,102.05828325,,
53.0,Female,165.1,83.46099608,,
34.0,Male,185.42,84.82177319,,
60.0,Male,175.26,79.37866475,4.0,0.0
56.0,Female,157.48000000000002,54.4310844,9.0,0.0
67.0,Male,154.94,92.07925111,63.0,0.0
65.0,Female,162.56,53.523899660000005,48.0,0.0
59.0,Male,180.34,74.84274105,20.0,
48.0,Female,162.56,54.4310844,20.0,
47.0,Male,185.42,112.03731539,2.0,0.0
47.0,Female,172.72,63.502931800000006,4.0,0.0
19.0,Male,187.96,81.6466266,10.0,3.0
71.0,Male,154.94,117.9340162,15.0,0.0
69.0,Female,157.48000000000002,58.9670081,30.0,0.0
36.0,Male,187.96,108.8621688,2.0,
39.0,Female,162.56,70.30681735,4.0,
7.0,Male,121.92,22.6796185,5.0,
3.0,Male,96.52,15.875732950000002,3.0,
1.0,Female,91.44,13.15417873,,
58.0,Male,180.34,107.50139169,40.0,10.0
55.0,Male,154.94,86.1825503,3.0,
57.0,Female,165.1,68.0388555,5.0,
67.0,Male,154.94,92.53284348000001,30.0,
47.0,Female,185.42,65.77089365,2.0,
48.0,Male,170.18,113.3980925,5.0,0.0
48.0,Female,170.18,77.1107029,8.0,0.0
22.0,Female,162.56,74.84274105,3.0,0.0
19.0,Male,154.94,88.45051215000001,48.0,0.0
44.0,Male,172.72,98.88313666,2.0,4.0
85.0,Male,180.34,81.6466266,8.0,2.0
74.0,Female,157.48000000000002,54.4310844,12.0,4.0
58.0,Male,180.34,68.0388555,12.0,4.0
81.0,Male,185.42,79.37866475,17.0,4.0
44.0,Male,154.94,92.98643585,2.0,0.0
12.0,Male,157.48000000000002,45.359237,1.0,4.0
10.0,Female,124.46000000000001,36.287389600000004,1.0,4.0
7.0,Female,121.92,22.6796185,1.0,4.0
52.0,Female,154.94,47.62719885,2.0,4.0
14.0,Male,152.4,45.359237,5.0,
48.0,Male,172.72,72.57477920000001,6.0,6.0
57.0,Male,175.26,72.57477920000001,20.0,
17.0,Female,157.48000000000002,49.895160700000005,30.0,5.0
55.0,Female,154.94,56.69904625,20.0,
29.0,Female,154.94,52.163122550000004,30.0,
63.0,Male,170.18,108.8621688,7.0,2.0
64.0,Female,167.64000000000001,68.0388555,12.0,2.0
64.0,Male,170.18,59.874192840000006,5.0,
24.0,Female,175.26,71.21400209000001,20.0,1.0
54.0,Male,167.64000000000001,70.30681735,6.0,3.0
48.0,Male,182.88,108.8621688,10.0,10.0
13.0,Male,152.4,45.359237,10.0,2.0
49.0,Female,162.56,63.502931800000006,10.0,
16.0,Male,172.72,54.4310844,10.0,16.0
59.0,Male,180.34,79.37866475,2.0,
21.0,Male,175.26,68.0388555,3.0,3.0
57.0,Female,157.48000000000002,54.4310844,2.0,
25.0,Female,170.18,61.23496995,2.0,2.0
43.0,Male,182.88,106.59420695,40.0,5.0
11.0,Male,144.78,34.01942775,20.0,10.0
40.0,Female,167.64000000000001,68.0388555,30.0,5.0
14.0,Female,167.64000000000001,45.359237,20.0,10.0
41.0,Female,170.18,72.57477920000001,2.0,0.0
14.0,Female,160.02,68.0388555,8.0,0.0
10.0,Female,132.08,40.8233133,4.0,0.0
8.0,Male,132.08,31.751465900000003,10.0,0.0
75.0,Male,185.42,95.2543977,6.0,
37.0,Female,154.94,90.718474,10.0,
89.0,Female,165.1,50.34875307,7.0,
65.0,Female,172.72,74.84274105,15.0,
69.0,Male,154.94,104.32624510000001,10.0,
69.0,Female,167.64000000000001,90.718474,10.0,
60.0,Male,175.26,94.34721296000001,35.0,
60.0,Female,175.26,77.1107029,35.0,
67.0,Male,175.26,86.1825503,1.0,
51.0,Male,190.5,97.52235955,2.0,0.0
49.0,Female,170.18,68.0388555,5.0,2.0
62.0,Female,157.48000000000002,56.24545388,7.0,
39.0,Male,180.34,81.6466266,7.0,0.0
3.0,Male,106.67999999999999,18.143694800000002,7.0,0.0
36.0,Female,160.02,54.4310844,7.0,0.0
7.0,Male,119.38,22.6796185,7.0,0.0
32.0,Female,162.56,54.4310844,7.0,
34.0,Male,154.94,86.1825503,7.0,
51.0,Male,154.94,88.45051215000001,5.0,60.0
52.0,Female,167.64000000000001,70.30681735,50.0,
52.0,Female,165.1,57.60623099,4.0,
31.0,Female,167.64000000000001,81.6466266,2.0,1.0
34.0,Male,172.72,74.84274105,2.0,1.0
63.0,Male,180.34,81.6466266,20.0,20.0
87.0,Male,175.26,90.718474,20.0,
87.0,Female,170.18,72.57477920000001,30.0,
33.0,Male,193.04,136.077711,,
38.0,Female,175.26,56.69904625,,
5.0,Female,111.75999999999999,20.41165665,,
47.0,Male,154.94,86.1825503,,5.0
12.0,Male,144.78,34.01942775,,10.0
46.0,Female,162.56,58.9670081,,2.0
15.0,Male,152.4,49.895160700000005,,5.0
9.0,Male,137.16,29.48350405,,10.0
61.0,Female,157.48000000000002,127.00586360000001,4.0,0.0
42.0,Male,180.34,83.91458845000001,20.0,30.0
41.0,Female,154.94,50.80234544,40.0,15.0
10.0,Male,149.86,50.80234544,30.0,5.0
9.0,Female,134.62,24.947580350000003,30.0,5.0
44.0,Male,175.26,87.08973504000001,7.0,
13.0,Female,162.56,63.502931800000006,12.0,
43.0,Female,170.18,73.93555631000001,14.0,
16.0,Male,187.96,81.6466266,7.0,10.0
65.0,Male,180.34,83.91458845000001,11.0,4.0
50.0,Male,154.94,88.45051215000001,10.0,
10.0,Male,152.4,29.48350405,7.0,7.0
47.0,Female,167.64000000000001,58.9670081,10.0,
12.0,Male,157.48000000000002,38.55535145,7.0,7.0
8.0,Male,137.16,27.2155422,7.0,4.0
6.0,Female,121.92,22.6796185,7.0,0.0
56.0,Male,170.18,68.94604024,30.0,0.0
48.0,Female,162.56,54.884676770000006,30.0,0.0
14.0,Male,154.94,46.72001411,5.0,0.0
12.0,Male,124.46000000000001,40.8233133,5.0,0.0
48.0,Male,154.94,99.79032140000001,25.0,0.0
20.0,Male,180.34,81.6466266,15.0,0.0
47.0,Female,170.18,68.0388555,15.0,0.0
25.0,Female,172.72,77.1107029,5.0,0.0
29.0,Male,190.5,104.32624510000001,2.0,5.0
29.0,Female,185.42,83.91458845000001,1.0,1.0
46.0,Male,172.72,89.81128926000001,13.0,50.0
41.0,Female,160.02,58.05982336,13.0,
17.0,Male,187.96,67.13167076,8.0,
15.0,Male,175.26,95.2543977,2.0,
12.0,Female,167.64000000000001,53.97749203,8.0,
45.0,Female,170.18,131.5417873,5.0,0.0
14.0,Female,162.56,52.163122550000004,5.0,0.0
47.0,Male,182.88,95.2543977,5.0,6.0
19.0,Male,185.42,83.91458845000001,5.0,10.0
55.0,Male,154.94,81.6466266,1.0,6.0
56.0,Female,170.18,79.37866475,6.0,
27.0,Male,182.88,90.718474,10.0,
17.0,Female,157.48000000000002,54.4310844,10.0,
91.0,Female,157.48000000000002,68.0388555,2.0,
57.0,Male,185.42,104.32624510000001,0.0,
54.0,Female,175.26,77.1107029,2.0,
60.0,Male,180.34,117.9340162,5.0,0.0
62.0,Female,154.94,70.30681735,8.0,0.0
78.0,Female,152.4,57.152638620000005,2.0,0.0
76.0,Male,182.88,81.6466266,20.0,0.0
70.0,Female,165.1,56.69904625,1.0,0.0
77.0,Female,162.56,86.1825503,20.0,
72.0,Male,154.94,90.718474,20.0,
48.0,Female,154.94,90.718474,35.0,
39.0,Female,162.56,54.4310844,6.0,1.0
38.0,Male,182.88,99.79032140000001,4.0,2.0
14.0,Male,157.48000000000002,40.36972093,8.0,10.0
38.0,Female,154.94,56.69904625,20.0,3.0
16.0,Female,162.56,45.359237,,4.0
76.0,Female,152.4,65.77089365,6.0,
65.0,Male,175.26,68.0388555,15.0,10.0
61.0,Female,162.56,74.84274105,15.0,1.0
37.0,Female,170.18,99.79032140000001,20.0,10.0
37.0,Male,172.72,108.8621688,10.0,30.0
31.0,Male,180.34,83.91458845000001,3.0,1.0
34.0,Female,154.94,68.0388555,3.0,1.0
4.0,Male,91.44,20.41165665,10.0,3.0
1.0,Male,60.96,11.33980925,10.0,1.0
73.0,Male,175.26,81.6466266,10.0,2.0
72.0,Female,167.64000000000001,61.68856232,10.0,
32.0,Male,182.88,79.37866475,50.0,1.0
30.0,Female,154.94,68.0388555,20.0,
80.0,Male,154.94,67.13167076,15.0,
78.0,Female,154.94,67.13167076,10.0,
48.0,Female,157.48000000000002,78.47148001000001,35.0,
22.0,Male,185.42,77.1107029,4.0,
18.0,Female,160.02,59.874192840000006,16.0,
60.0,Male,190.5,79.37866475,20.0,5.0
57.0,Female,182.88,74.84274105,20.0,10.0
51.0,Male,182.88,88.45051215000001,10.0,0.0
45.0,Male,195.57999999999998,108.8621688,15.0,1.0
12.0,Female,154.94,34.01942775,12.0,2.0
44.0,Female,157.48000000000002,81.6466266,7.0,0.0
15.0,Male,175.26,63.502931800000006,10.0,1.0
24.0,Female,154.94,86.1825503,1.0,0.0
76.0,Female,170.18,58.9670081,0.0,0.0
37.0,Male,154.94,97.52235955,3.0,15.0
36.0,Female,160.02,61.23496995,15.0,3.0
60.0,Male,157.48000000000002,68.0388555,,
60.0,Female,175.26,113.3980925,80.0,
65.0,Male,154.94,90.718474,40.0,0.0
64.0,Female,162.56,74.84274105,35.0,0.0
76.0,Male,180.34,97.52235955,70.0,
72.0,Female,198.12,72.57477920000001,70.0,
61.0,Male,185.42,131.5417873,80.0,14.0
60.0,Female,175.26,99.79032140000001,80.0,10.0
20.0,Male,198.12,95.2543977,80.0,25.0
27.0,Female,165.1,61.23496995,12.0,5.0
49.0,Female,154.94,54.4310844,60.0,5.0
46.0,Male,182.88,86.1825503,40.0,5.0
21.0,Female,190.5,54.4310844,40.0,5.0
19.0,Female,165.1,68.0388555,20.0,10.0
10.0,Female,121.92,36.287389600000004,10.0,2.0
60.0,Male,187.96,88.45051215000001,10.0,0.0
56.0,Female,165.1,54.4310844,20.0,4.0
50.0,Female,162.56,86.1825503,4.0,
78.0,Male,185.42,83.91458845000001,12.0,0.0
76.0,Female,162.56,83.91458845000001,20.0,0.0
64.0,Male,185.42,113.3980925,10.0,3.0
33.0,Male,175.26,81.6466266,8.0,1.0
56.0,Female,175.26,74.84274105,15.0,3.0
35.0,Male,154.94,99.79032140000001,8.0,1.0
13.0,Female,162.56,49.895160700000005,20.0,6.0
12.0,Female,162.56,52.163122550000004,20.0,6.0
54.0,Female,165.1,86.1825503,15.0,0.0
2.0,Male,91.44,17.23651006,20.0,0.0
51.0,Male,172.72,74.84274105,12.0,4.0
54.0,Female,172.72,68.0388555,8.0,1.0
12.0,Male,162.56,53.97749203,20.0,10.0
49.0,Male,182.88,89.81128926000001,5.0,5.0
17.0,Female,175.26,68.0388555,10.0,8.0
13.0,Male,162.56,71.21400209000001,5.0,2.0
49.0,Female,170.18,86.1825503,3.0,2.0
56.0,Male,182.88,120.20197805000001,4.0,3.0
25.0,Male,182.88,99.79032140000001,15.0,4.0
61.0,Female,167.64000000000001,54.4310844,14.0,10.0
64.0,Male,154.94,77.1107029,14.0,10.0
66.0,Male,175.26,86.1825503,25.0,10.0
85.0,Female,157.48000000000002,54.4310844,2.0,
45.0,Male,182.88,88.45051215000001,4.0,1.0
48.0,Female,157.48000000000002,68.0388555,4.0,0.0
20.0,Female,162.56,63.502931800000006,0.0,0.0
54.0,Male,185.42,92.98643585,12.0,1.0
53.0,Female,167.64000000000001,54.4310844,12.0,1.0
83.0,Female,165.1,86.1825503,3.0,
26.0,Female,175.26,61.23496995,27.0,
80.0,Male,180.34,74.84274105,,
76.0,Female,165.1,113.3980925,3.0,0.0
36.0,Female,165.1,70.30681735,14.0,4.0
3.0,Male,91.44,16.329325320000002,25.0,3.0
6.0,Female,121.92,23.586803240000002,25.0,3.0
4.0,Male,106.67999999999999,20.41165665,25.0,3.0
36.0,Male,190.5,106.59420695,14.0,4.0
33.0,Male,180.34,79.37866475,11.0,2.0
33.0,Female,167.64000000000001,70.30681735,11.0,2.0
34.0,Male,157.48000000000002,78.92507238,4.0,3.0
35.0,Female,172.72,54.884676770000006,4.0,2.0
2.0,Male,91.44,12.24699399,2.0,8.0
43.0,Male,154.94,86.1825503,6.0,2.0
39.0,Female,160.02,63.502931800000006,3.0,0.0
8.0,Female,127.0,27.2155422,12.0,4.0
83.0,Male,170.18,73.93555631000001,4.0,5.0
81.0,Female,152.4,99.79032140000001,0.0,0.0
50.0,Male,185.42,83.00740371,20.0,4.0
40.0,Male,180.34,79.37866475,10.0,5.0
37.0,Female,162.56,70.30681735,10.0,10.0
10.0,Female,127.0,27.2155422,17.0,
1.0,Male,111.75999999999999,20.41165665,17.0,
58.0,Male,160.02,74.84274105,6.0,7.0
55.0,Female,154.94,61.23496995,6.0,2.0
21.0,Male,170.18,79.37866475,2.0,10.0
73.0,Female,167.64000000000001,74.84274105,4.0,5.0
47.0,Female,167.64000000000001,104.32624510000001,4.0,0.0
45.0,Female,162.56,58.05982336,5.0,3.0
49.0,Male,185.42,74.84274105,5.0,3.0
18.0,Female,172.72,70.30681735,,3.0
17.0,Female,162.56,54.4310844,,4.0
13.0,Male,160.02,47.62719885,,4.0
52.0,Male,154.94,99.79032140000001,20.0,
25.0,Male,172.72,108.8621688,10.0,6.0
37.0,Male,175.26,89.81128926000001,0.0,0.0
38.0,Female,152.4,84.36818082,0.0,0.0
17.0,Female,160.02,47.62719885,10.0,5.0
42.0,Male,167.64000000000001,77.1107029,40.0,5.0
42.0,Male,154.94,78.01788764,,4.0
41.0,Female,160.02,52.163122550000004,,5.0
60.0,Male,182.88,112.49090776,5.0,
57.0,Male,182.88,89.35769689,10.0,
56.0,Female,170.18,92.07925111,13.0,
46.0,Female,160.02,67.13167076,3.0,0.0
43.0,Male,180.34,92.98643585,2.0,4.0
18.0,Male,154.94,81.6466266,3.0,9.0
55.0,Female,152.4,58.05982336,,
64.0,Male,187.96,74.84274105,10.0,1.0
39.0,Male,187.96,88.45051215000001,10.0,2.0
7.0,Male,91.44,23.133210870000003,15.0,10.0
39.0,Female,165.1,54.884676770000006,10.0,2.0
16.0,Female,162.56,49.895160700000005,15.0,4.0
35.0,Male,182.88,74.84274105,8.0,1.0
8.0,Male,114.3,24.947580350000003,2.0,2.0
34.0,Female,152.4,56.69904625,40.0,1.0
9.0,Female,127.0,27.2155422,3.0,5.0
2.0,Female,76.2,11.793401620000001,72.0,0.0
52.0,Male,175.26,79.37866475,4.0,
47.0,Male,182.88,81.6466266,10.0,
18.0,Female,172.72,61.23496995,10.0,
47.0,Female,167.64000000000001,58.9670081,10.0,
16.0,Male,187.96,86.1825503,10.0,
35.0,Female,170.18,58.05982336,40.0,10.0
8.0,Female,121.92,27.2155422,8.0,4.0
6.0,Male,121.92,22.6796185,8.0,4.0
48.0,Male,182.88,99.79032140000001,6.0,2.0
60.0,Male,182.88,95.2543977,4.0,
16.0,Female,167.64000000000001,70.30681735,3.0,
59.0,Female,162.56,63.502931800000006,8.0,
35.0,Female,170.18,83.91458845000001,0.0,
75.0,Female,152.4,49.895160700000005,20.0,
62.0,Female,167.64000000000001,74.84274105,15.0,2.0
36.0,Male,180.34,78.47148001000001,5.0,5.0
3.0,Female,96.52,13.15417873,,
32.0,Female,160.02,58.9670081,5.0,6.0
5.0,Male,119.38,24.947580350000003,7.0,3.0
50.0,Male,182.88,133.80974915000002,40.0,5.0
46.0,Female,167.64000000000001,72.57477920000001,20.0,
9.0,Male,129.54,27.2155422,,
4.0,Female,104.14,14.51495584,,
80.0,Male,172.72,86.1825503,2.0,0.0
71.0,Male,154.94,79.37866475,6.0,1.0
65.0,Female,167.64000000000001,68.0388555,6.0,3.0
50.0,Male,175.26,70.30681735,12.0,3.0
46.0,Female,175.26,65.77089365,6.0,3.0
76.0,Male,187.96,106.59420695,45.0,25.0
73.0,Female,154.94,62.59574706,50.0,8.0
75.0,Male,182.88,86.1825503,10.0,3.0
72.0,Female,170.18,108.8621688,10.0,
65.0,Male,170.18,79.37866475,8.0,4.0
60.0,Female,160.02,47.62719885,6.0,
76.0,Female,152.4,5.4431084400000005,7.0,0.0
78.0,Male,170.18,68.0388555,10.0,17.0
77.0,Male,180.34,83.91458845000001,3.0,
75.0,Male,172.72,90.718474,,
41.0,Male,182.88,79.37866475,6.0,3.0
7.0,Female,106.67999999999999,27.2155422,4.0,0.0
40.0,Female,162.56,90.718474,4.0,4.0
10.0,Female,152.4,36.287389600000004,4.0,0.0
60.0,Female,165.1,106.59420695,7.0,1.0
49.0,Male,175.26,86.1825503,8.0,10.0
47.0,Female,175.26,86.1825503,8.0,3.0
18.0,Male,182.88,79.37866475,8.0,3.0
16.0,Female,172.72,58.9670081,8.0,5.0
9.0,Female,152.4,31.751465900000003,8.0,5.0
7.0,Male,152.4,27.2155422,8.0,5.0
55.0,Male,170.18,90.718474,5.0,2.0
50.0,Female,157.48000000000002,61.23496995,8.0,4.0
51.0,Male,180.34,90.718474,3.0,3.0
15.0,Female,165.1,54.4310844,5.0,15.0
47.0,Female,162.56,56.69904625,10.0,1.0
17.0,Female,162.56,54.4310844,5.0,15.0
12.0,Female,160.02,45.359237,5.0,15.0
46.0,Male,190.5,104.77983747,4.0,
49.0,Female,160.02,77.1107029,4.0,
10.0,Male,149.86,52.163122550000004,6.0,
53.0,Male,170.18,79.37866475,40.0,12.0
50.0,Female,162.56,113.3980925,45.0,7.0
57.0,Male,154.94,86.1825503,15.0,3.0
56.0,Female,157.48000000000002,69.85322498000001,15.0,0.0
42.0,Male,187.96,88.45051215000001,30.0,20.0
62.0,Male,175.26,72.57477920000001,20.0,5.0
14.0,Female,167.64000000000001,49.44156833,10.0,5.0
56.0,Female,172.72,71.21400209000001,16.0,5.0
16.0,Male,180.34,59.874192840000006,15.0,15.0
66.0,Male,172.72,67.13167076,3.0,9.0
40.0,Male,180.34,97.52235955,18.0,2.0
8.0,Female,129.54,27.2155422,15.0,3.0
39.0,Female,167.64000000000001,61.23496995,15.0,3.0
10.0,Female,132.08,26.30835746,15.0,3.0
6.0,Male,121.92,22.6796185,15.0,3.0
4.0,Female,106.67999999999999,18.143694800000002,15.0,3.0
56.0,Male,175.26,83.00740371,10.0,0.0
52.0,Female,162.56,50.80234544,7.0,0.0
14.0,Male,157.48000000000002,45.359237,8.0,2.0
11.0,Female,124.46000000000001,38.55535145,8.0,4.0
50.0,Female,162.56,61.23496995,,
60.0,Female,180.34,78.01788764,75.0,10.0
40.0,Male,172.72,95.2543977,10.0,3.0
8.0,Male,132.08,31.751465900000003,31.0,1.0
46.0,Female,162.56,81.6466266,18.0,3.0
11.0,Male,142.24,45.359237,31.0,1.0
59.0,Female,165.1,65.77089365,15.0,0.0
58.0,Male,175.26,74.84274105,12.0,0.0
54.0,Male,154.94,85.27536556,3.0,3.0
52.0,Female,162.56,68.0388555,20.0,8.0
40.0,Female,157.48000000000002,54.4310844,8.0,5.0
8.0,Female,132.08,29.48350405,5.0,1.0
36.0,Male,180.34,122.01634753,10.0,5.0
8.0,Female,132.08,29.48350405,5.0,1.0
8.0,Male,142.24,45.359237,5.0,4.0
6.0,Male,129.54,30.84428116,5.0,4.0
55.0,Male,180.34,88.45051215000001,14.0,2.0
38.0,Female,162.56,51.70953018,14.0,1.0
78.0,Male,165.1,97.52235955,30.0,
77.0,Female,162.56,99.79032140000001,30.0,
48.0,Male,187.96,102.05828325,20.0,10.0
47.0,Female,162.56,56.69904625,30.0,10.0
79.0,Male,182.88,72.57477920000001,14.0,0.0
81.0,Female,157.48000000000002,56.69904625,10.0,
59.0,Male,182.88,86.1825503,10.0,1.0
60.0,Female,165.1,63.502931800000006,10.0,0.0
66.0,Female,167.64000000000001,62.59574706,4.0,
73.0,Male,185.42,80.73944186,10.0,
